"ticker","company_name","report_period","available_at","revenue","gross_margin","parent_net_profit","adjusted_parent_net_profit","nonrecurring_profit","cfo","cash_received_from_sales","accounts_receivable","contract_assets","inventory","contract_liabilities","capex","construction_in_progress","rd_expense","finance_expense","disclosed_theme_label","disclosed_theme_revenue","disclosed_theme_revenue_share","disclosed_theme_gross_margin","domestic_revenue","overseas_revenue","us_revenue","north_america_revenue","price_date","close","market_cap","pe_ttm","ps_ttm","pb","return_20d","return_60d","return_120d","return_250d","excess_return_vs_csi300_20d","excess_return_vs_csi300_60d","excess_return_vs_csi300_120d","excess_return_vs_csi300_250d","valuation_window","valuation_valid_samples","valuation_pe_valid_samples","valuation_ps_valid_samples","valuation_pb_valid_samples","pe_percentile","ps_percentile","pb_percentile","revenue_yoy","adjusted_parent_net_profit_yoy","cfo_to_parent_net_profit","accounts_receivable_yoy","inventory_yoy","accounts_receivable_yoy_minus_revenue_yoy","inventory_yoy_minus_revenue_yoy","nonrecurring_profit_to_parent_net_profit","gross_margin_yoy_change","capex_yoy","debt_to_assets","theme_scope","data_status","missing_fields","source_paths","note_cn"
"688676","金盘科技","2025-12-31","2026-08-21T21:36:29.501924+08:00",7294986636.41,0.25853000000000004,659538772.4,609581908.26,49956864.139999986,600972620.86,6556255385.11,2367839670.99,451570461.25,2589684814.62,522390232.74,387152938.78,279221791.52,355715161.87,59223296.88,"输配电设备",6273265672.27,0.8599420375850328,0.28165474864874385,,,,,"2026-08-31",66.63,30635513728,43.9379,3.9805,6.0043,0.012921860747947544,-0.25900800711743777,-0.33277637186333664,0.22955940853766243,-0.0051069504051963754,-0.219183035147279,-0.33486307832918427,0.13444301806683012,"2021-07-14/2026-08-31","PE=1245;PS=1245;PB=1245",1245,1245,1245,0.5775100401606426,0.7389558232931727,0.689156626506024,0.05711280274294794,0.10603695182332196,0.9112013516250406,-0.1151745844251657,0.22191489938570563,-0.17228738716811365,0.1648020966427577,0.07574515135510779,0.01537700000000003,-0.10989764090866994,0.578641,"wide","partial","domestic_revenue;overseas_revenue;us_revenue;north_america_revenue","local_warehouse/facts/income_statement/report_period=2025-12-31/data.parquet;local_warehouse/facts/balance_sheet/report_period=2025-12-31/data.parquet;local_warehouse/facts/cash_flow/report_period=2025-12-31/data.parquet;local_warehouse/facts/financial_indicator/report_period=2025-12-31/data.parquet;local_warehouse/facts/main_business/report_period=2025-12-31/data.parquet;local_warehouse/facts/daily_basic/trade_date=2026-08-31/data.parquet;local_warehouse/facts/equity_daily/trade_date=2026-08-31/data.parquet;local_warehouse/facts/daily_basic/trade_date=*/data.parquet;local_warehouse/facts/equity_daily/trade_date=*/data.parquet;local_warehouse/facts/adj_factor/trade_date=*/data.parquet;local_warehouse/facts/index_daily/trade_date=*/data.parquet","输配电设备为宽口径，不等同AI数据中心收入；本地未单列美国或北美收入"
"688676","金盘科技","2026-03-31","2026-08-21T21:36:30.677179+08:00",1522783694.39,0.257407,112425599.41,100006106.09,12419493.319999993,-166945139.11,1541954806.65,2332228899.67,425296906.45,2937567826.16,636448952.56,81164798.76,261815216.36,66354501.4,39580378.56,,,,,,,,,"2026-08-31",66.63,30635513728,43.9379,3.9805,6.0043,0.012921860747947544,-0.25900800711743777,-0.33277637186333664,0.22955940853766243,-0.0051069504051963754,-0.219183035147279,-0.33486307832918427,0.13444301806683012,"2021-07-14/2026-08-31","PE=1245;PS=1245;PB=1245",1245,1245,1245,0.5775100401606426,0.7389558232931727,0.689156626506024,0.13413878164325976,0.013452091612247585,-1.4849388394290441,-0.10491571709676162,0.3133341453382741,-0.23905449874002138,0.17919536369501432,0.11046855329370214,0.008072999999999997,-0.15599115507650352,0.578164,"unknown","partial","disclosed_theme_revenue;disclosed_theme_revenue_share;disclosed_theme_gross_margin;domestic_revenue;overseas_revenue;us_revenue;north_america_revenue","local_warehouse/facts/income_statement/report_period=2026-03-31/data.parquet;local_warehouse/facts/balance_sheet/report_period=2026-03-31/data.parquet;local_warehouse/facts/cash_flow/report_period=2026-03-31/data.parquet;local_warehouse/facts/financial_indicator/report_period=2026-03-31/data.parquet;local_warehouse/facts/daily_basic/trade_date=2026-08-31/data.parquet;local_warehouse/facts/equity_daily/trade_date=2026-08-31/data.parquet;local_warehouse/facts/daily_basic/trade_date=*/data.parquet;local_warehouse/facts/equity_daily/trade_date=*/data.parquet;local_warehouse/facts/adj_factor/trade_date=*/data.parquet;local_warehouse/facts/index_daily/trade_date=*/data.parquet","本地同期间主营与地区分项无记录；本地无同期间主题收入分项；本地未单列美国或北美收入"
"688676","金盘科技","2026-06-30","2026-08-22T21:35:10.684372+08:00",3555743162.95,0.27408428028346427,302666839.27,,,-23762688.51,3400363233.85,2564416683.56,407076802.51,3239267644.84,712053949.91,129114829.21,247423982.11,159424018.66,91756416.71,"电气设备系列产品",3203945202.56,0.9010620440599728,0.2929737728722661,,,,,"2026-08-31",66.63,30635513728,43.9379,3.9805,6.0043,0.012921860747947544,-0.25900800711743777,-0.33277637186333664,0.22955940853766243,-0.0051069504051963754,-0.219183035147279,-0.33486307832918427,0.13444301806683012,"2021-07-14/2026-08-31","PE=1245;PS=1245;PB=1245",1245,1245,1245,0.5775100401606426,0.7389558232931727,0.689156626506024,0.1272871563995157,,-0.07851104061255294,-0.03071139606035278,0.28547260609072245,-0.1579985524598685,0.15818544969120674,,0.01533728028346426,-0.04685784845111274,,"wide","partial","adjusted_parent_net_profit;domestic_revenue;overseas_revenue;us_revenue;north_america_revenue","local_warehouse/facts/income_statement/report_period=2026-06-30/data.parquet;local_warehouse/facts/balance_sheet/report_period=2026-06-30/data.parquet;local_warehouse/facts/cash_flow/report_period=2026-06-30/data.parquet;local_warehouse/facts/financial_indicator/report_period=2026-06-30/data.parquet;local_warehouse/facts/main_business/report_period=2026-06-30/data.parquet;local_warehouse/facts/daily_basic/trade_date=2026-08-31/data.parquet;local_warehouse/facts/equity_daily/trade_date=2026-08-31/data.parquet;local_warehouse/facts/daily_basic/trade_date=*/data.parquet;local_warehouse/facts/equity_daily/trade_date=*/data.parquet;local_warehouse/facts/adj_factor/trade_date=*/data.parquet;local_warehouse/facts/index_daily/trade_date=*/data.parquet","电气设备系列产品为宽口径，不等同AI数据中心收入；本地未单列美国或北美收入"
"002364","中恒电气","2025-12-31","2026-04-22T00:00:00+08:00",2137227829.77,0.24842199999999998,126374581.15,115324081.29,11050499.86,243302503.31,2363747204.23,1122936924.49,11801113.18,877521167.85,327195221.18,27412445.12,1732249.2,171194945.84,-10969885.4,"数据中心电源",775760637.6,0.362975171291628,0.207086024211033,2049673684.34,87554145.43,,,"2026-08-31",38.57,21736698193,162.3598,8.6651,8.7836,0.1294289897510983,-0.2702337449256593,0.1002597723857157,0.5475019305641304,0.11140017859795437,-0.23040877295550055,0.09817306591986807,0.4523855400932981,"2021-07-14/2026-08-31","PE=1005;PS=1245;PB=1245",1005,1245,1245,0.817910447761194,0.9124497991967871,0.9349397590361446,0.08935245794017965,0.3872934669524881,1.9252487414475596,0.0846051836659607,0.260027476162324,-0.004747274274218949,0.17067501822214437,0.08744242520482529,-0.01324000000000003,1.1432150540933943,0.40825,"theme","partial","us_revenue;north_america_revenue","local_warehouse/facts/income_statement/report_period=2025-12-31/data.parquet;local_warehouse/facts/balance_sheet/report_period=2025-12-31/data.parquet;local_warehouse/facts/cash_flow/report_period=2025-12-31/data.parquet;local_warehouse/facts/financial_indicator/report_period=2025-12-31/data.parquet;local_warehouse/facts/main_business/report_period=2025-12-31/data.parquet;local_warehouse/facts/daily_basic/trade_date=2026-08-31/data.parquet;local_warehouse/facts/equity_daily/trade_date=2026-08-31/data.parquet;local_warehouse/facts/daily_basic/trade_date=*/data.parquet;local_warehouse/facts/equity_daily/trade_date=*/data.parquet;local_warehouse/facts/adj_factor/trade_date=*/data.parquet;local_warehouse/facts/index_daily/trade_date=*/data.parquet","数据中心电源为正式披露口径，但不自动等同AI数据中心；本地未单列美国或北美收入"
"002364","中恒电气","2026-03-31","2026-08-27T21:42:15.821344+08:00",418396025.6,0.256678,24935658.45,21968894.7,2966763.75,-141210211.83,532221235.86,963410063.43,9890852.93,1210181650.22,295181072.8,5110494.33,2674439.93,42933311.49,-750578.41,,,,,,,,,"2026-08-31",38.57,21736698193,162.3598,8.6651,8.7836,0.1294289897510983,-0.2702337449256593,0.1002597723857157,0.5475019305641304,0.11140017859795437,-0.23040877295550055,0.09817306591986807,0.4523855400932981,"2021-07-14/2026-08-31","PE=1005;PS=1245;PB=1245",1005,1245,1245,0.817910447761194,0.9124497991967871,0.9349397590361446,0.07789883911434914,0.20063284590020292,-5.662983077553343,-0.02083979663682589,0.64424106888058,-0.09873863575117503,0.5663422297662308,0.11897675595568642,0.010643000000000014,2.6728293656778406,0.43865699999999996,"unknown","partial","disclosed_theme_revenue;disclosed_theme_revenue_share;disclosed_theme_gross_margin;domestic_revenue;overseas_revenue;us_revenue;north_america_revenue","local_warehouse/facts/income_statement/report_period=2026-03-31/data.parquet;local_warehouse/facts/balance_sheet/report_period=2026-03-31/data.parquet;local_warehouse/facts/cash_flow/report_period=2026-03-31/data.parquet;local_warehouse/facts/financial_indicator/report_period=2026-03-31/data.parquet;local_warehouse/facts/daily_basic/trade_date=2026-08-31/data.parquet;local_warehouse/facts/equity_daily/trade_date=2026-08-31/data.parquet;local_warehouse/facts/daily_basic/trade_date=*/data.parquet;local_warehouse/facts/equity_daily/trade_date=*/data.parquet;local_warehouse/facts/adj_factor/trade_date=*/data.parquet;local_warehouse/facts/index_daily/trade_date=*/data.parquet","本地同期间主营与地区分项无记录；本地无同期间主题收入分项；本地未单列美国或北美收入"
"002364","中恒电气","2026-06-30","2026-08-28T00:00:00+08:00",1262412460.25,0.21508400000000003,54987840.16,49948812.57,5039027.589999996,-268804459.33,1084996817.25,1290545061.17,13959276.86,1223629316.38,320176750.09,11569934.31,3990525.99,91502435.36,378239.2,"数据中心电源",807587070,0.6397172837157126,0.18246183374382158,1211867389.64,50545070.61,,,"2026-08-31",38.57,21736698193,162.3598,8.6651,8.7836,0.1294289897510983,-0.2702337449256593,0.1002597723857157,0.5475019305641304,0.11140017859795437,-0.23040877295550055,0.09817306591986807,0.4523855400932981,"2021-07-14/2026-08-31","PE=1005;PS=1245;PB=1245",1005,1245,1245,0.817910447761194,0.9124497991967871,0.9349397590361446,0.41669213394493076,0.11607657882548472,-4.888434580224473,0.2967346664609303,0.4683618752510621,-0.11995746748400049,0.051669741306131334,0.09163894372533574,-0.018439999999999956,1.077887646935395,0.479732,"theme","partial","us_revenue;north_america_revenue","local_warehouse/facts/income_statement/report_period=2026-06-30/data.parquet;local_warehouse/facts/balance_sheet/report_period=2026-06-30/data.parquet;local_warehouse/facts/cash_flow/report_period=2026-06-30/data.parquet;local_warehouse/facts/financial_indicator/report_period=2026-06-30/data.parquet;local_warehouse/facts/main_business/report_period=2026-06-30/data.parquet;local_warehouse/facts/daily_basic/trade_date=2026-08-31/data.parquet;local_warehouse/facts/equity_daily/trade_date=2026-08-31/data.parquet;local_warehouse/facts/daily_basic/trade_date=*/data.parquet;local_warehouse/facts/equity_daily/trade_date=*/data.parquet;local_warehouse/facts/adj_factor/trade_date=*/data.parquet;local_warehouse/facts/index_daily/trade_date=*/data.parquet","数据中心电源为正式披露口径，但不自动等同AI数据中心；本地未单列美国或北美收入"
"300870","欧陆通","2025-12-31","2026-04-23T00:00:00+08:00",4462017401.19,0.198428,244002491.4,224673939.34,19328552.060000002,429336720.3,3916950129.22,1324172057.65,,528521382.18,8936491.43,313733646.08,128280432.9,299069258.17,19252920.5,"数据中心电源",2015471005.67,0.45169501246958005,0.23825939901842755,2593487319.06,1868530082.13,,,"2026-08-31",220,33581570000,283.6644,6.9233,12.9384,0.2846715328467153,-0.17732405953182262,0.10617982736918408,0.1983409284009603,0.2666427216935714,-0.13749908756166385,0.10409312090333644,0.10322453793012798,"2021-07-14/2026-08-31","PE=1245;PS=1245;PB=1245",1245,1245,1245,0.9927710843373494,0.9261044176706827,0.9429718875502008,0.17497786954666372,-0.12337143635851222,1.7595587562922728,-0.045901854578761614,0.13743625404735504,-0.22087972412542534,-0.03754161549930868,0.079214568462394,-0.015188000000000007,0.06674865239812933,0.5110220000000001,"theme","partial","contract_assets;us_revenue;north_america_revenue","local_warehouse/facts/income_statement/report_period=2025-12-31/data.parquet;local_warehouse/facts/balance_sheet/report_period=2025-12-31/data.parquet;local_warehouse/facts/cash_flow/report_period=2025-12-31/data.parquet;local_warehouse/facts/financial_indicator/report_period=2025-12-31/data.parquet;local_warehouse/facts/main_business/report_period=2025-12-31/data.parquet;local_warehouse/facts/daily_basic/trade_date=2026-08-31/data.parquet;local_warehouse/facts/equity_daily/trade_date=2026-08-31/data.parquet;local_warehouse/facts/daily_basic/trade_date=*/data.parquet;local_warehouse/facts/equity_daily/trade_date=*/data.parquet;local_warehouse/facts/adj_factor/trade_date=*/data.parquet;local_warehouse/facts/index_daily/trade_date=*/data.parquet","数据中心电源为正式披露口径，但不自动等同AI数据中心；本地未单列美国或北美收入"
"300870","欧陆通","2026-03-31","2026-04-28T00:00:00+08:00",1041547037.48,0.170132,-12541361.74,-15147645.47,2606283.7300000004,26808134.75,999774497.75,1312824802.91,,964647890.44,9046882.93,71897198.71,134420846.75,82023683.32,14350061.64,,,,,,,,,"2026-08-31",220,33581570000,283.6644,6.9233,12.9384,0.2846715328467153,-0.17732405953182262,0.10617982736918408,0.1983409284009603,0.2666427216935714,-0.13749908756166385,0.10409312090333644,0.10322453793012798,"2021-07-14/2026-08-31","PE=1245;PS=1245;PB=1245",1245,1245,1245,0.9927710843373494,0.9261044176706827,0.9429718875502008,0.17257398733267282,-1.328114716661866,-2.1375776654696828,0.10423003568427447,0.5028715155814567,-0.06834395164839835,0.3302975282487839,-0.20781505103129258,-0.020917999999999992,-0.13807014236848159,0.547709,"unknown","partial","contract_assets;disclosed_theme_revenue;disclosed_theme_revenue_share;disclosed_theme_gross_margin;domestic_revenue;overseas_revenue;us_revenue;north_america_revenue","local_warehouse/facts/income_statement/report_period=2026-03-31/data.parquet;local_warehouse/facts/balance_sheet/report_period=2026-03-31/data.parquet;local_warehouse/facts/cash_flow/report_period=2026-03-31/data.parquet;local_warehouse/facts/financial_indicator/report_period=2026-03-31/data.parquet;local_warehouse/facts/daily_basic/trade_date=2026-08-31/data.parquet;local_warehouse/facts/equity_daily/trade_date=2026-08-31/data.parquet;local_warehouse/facts/daily_basic/trade_date=*/data.parquet;local_warehouse/facts/equity_daily/trade_date=*/data.parquet;local_warehouse/facts/adj_factor/trade_date=*/data.parquet;local_warehouse/facts/index_daily/trade_date=*/data.parquet","本地同期间主营与地区分项无记录；本地无同期间主题收入分项；本地未单列美国或北美收入"
"300870","欧陆通","2026-06-30",,,,,,,,,,,,,,,,,,,,,,,,,"2026-08-31",220,33581570000,283.6644,6.9233,12.9384,0.2846715328467153,-0.17732405953182262,0.10617982736918408,0.1983409284009603,0.2666427216935714,-0.13749908756166385,0.10409312090333644,0.10322453793012798,"2021-07-14/2026-08-31","PE=1245;PS=1245;PB=1245",1245,1245,1245,0.9927710843373494,0.9261044176706827,0.9429718875502008,,,,,,,,,,,,"unknown","no_record","revenue;gross_margin;parent_net_profit;adjusted_parent_net_profit;cfo;cash_received_from_sales;accounts_receivable;contract_assets;inventory;contract_liabilities;capex;construction_in_progress;rd_expense;finance_expense;disclosed_theme_revenue;disclosed_theme_revenue_share;disclosed_theme_gross_margin;domestic_revenue;overseas_revenue;us_revenue;north_america_revenue","local_warehouse/facts/income_statement/report_period=2026-06-30/data.parquet;local_warehouse/facts/balance_sheet/report_period=2026-06-30/data.parquet;local_warehouse/facts/cash_flow/report_period=2026-06-30/data.parquet;local_warehouse/facts/financial_indicator/report_period=2026-06-30/data.parquet;local_warehouse/facts/main_business/report_period=2026-06-30/data.parquet;local_warehouse/facts/daily_basic/trade_date=2026-08-31/data.parquet;local_warehouse/facts/equity_daily/trade_date=2026-08-31/data.parquet;local_warehouse/facts/daily_basic/trade_date=*/data.parquet;local_warehouse/facts/equity_daily/trade_date=*/data.parquet;local_warehouse/facts/adj_factor/trade_date=*/data.parquet;local_warehouse/facts/index_daily/trade_date=*/data.parquet","本地无同期间主题收入分项；本地未单列美国或北美收入"
"002922","伊戈尔","2025-12-31","2026-08-21T21:36:29.501924+08:00",5263733523.65,0.177817,200241927.11,183644656.2,16597270.910000026,640521701.37,5162104541.28,1715626375.77,246958293.36,957751003.61,53036590.24,1277026809.67,1242450403.52,239090369.21,49548229.37,"变压设备产品",3813505469.01,0.7244868023572788,0.1771906541818645,3354010652.07,1909722871.58,,,"2026-08-31",24.66,10420894314,50.2285,1.9014,2.7731,0.02921535893155247,-0.3427505330490406,-0.4865819067811885,0.21436779139935846,0.011186547778408551,-0.3029255610788818,-0.48866861324703614,0.11925140092852615,"2021-07-14/2026-08-31","PE=1245;PS=1245;PB=1245",1245,1245,1245,0.8546184738955823,0.5614457831325301,0.5614457831325301,0.13471402833187351,-0.2632299003106473,3.198739198200678,-0.04756769348124823,0.3057593814581414,-0.18228172181312174,0.1710453531262679,0.08288609258580774,-0.025712000000000013,-0.2695520768953146,0.5794279999999999,"wide","partial","us_revenue;north_america_revenue","local_warehouse/facts/income_statement/report_period=2025-12-31/data.parquet;local_warehouse/facts/balance_sheet/report_period=2025-12-31/data.parquet;local_warehouse/facts/cash_flow/report_period=2025-12-31/data.parquet;local_warehouse/facts/financial_indicator/report_period=2025-12-31/data.parquet;local_warehouse/facts/main_business/report_period=2025-12-31/data.parquet;local_warehouse/facts/daily_basic/trade_date=2026-08-31/data.parquet;local_warehouse/facts/equity_daily/trade_date=2026-08-31/data.parquet;local_warehouse/facts/daily_basic/trade_date=*/data.parquet;local_warehouse/facts/equity_daily/trade_date=*/data.parquet;local_warehouse/facts/adj_factor/trade_date=*/data.parquet;local_warehouse/facts/index_daily/trade_date=*/data.parquet","变压设备产品为宽口径，不等同AI数据中心收入；本地未单列美国或北美收入"
"002922","伊戈尔","2026-03-31","2026-04-30T00:00:00+08:00",1275593596.6,0.19822099999999998,68673903.86,52261546.86,16412357,-191249079.35,1491306658.71,1628043361.4,236101248.26,886606448.29,70198164,195099749.52,1310883495.08,50186004.25,38278918.47,,,,,,,,,"2026-08-31",24.66,10420894314,50.2285,1.9014,2.7731,0.02921535893155247,-0.3427505330490406,-0.4865819067811885,0.21436779139935846,0.011186547778408551,-0.3029255610788818,-0.48866861324703614,0.11925140092852615,"2021-07-14/2026-08-31","PE=1245;PS=1245;PB=1245",1245,1245,1245,0.8546184738955823,0.5614457831325301,0.5614457831325301,0.17707449480458726,0.89135242386321,-2.7848872512022065,0.14762475896259164,0.30629178584101924,-0.029449735841995617,0.12921729103643198,0.2389897192019047,0.04111999999999996,-0.02418786389212879,0.595476,"unknown","partial","disclosed_theme_revenue;disclosed_theme_revenue_share;disclosed_theme_gross_margin;domestic_revenue;overseas_revenue;us_revenue;north_america_revenue","local_warehouse/facts/income_statement/report_period=2026-03-31/data.parquet;local_warehouse/facts/balance_sheet/report_period=2026-03-31/data.parquet;local_warehouse/facts/cash_flow/report_period=2026-03-31/data.parquet;local_warehouse/facts/financial_indicator/report_period=2026-03-31/data.parquet;local_warehouse/facts/daily_basic/trade_date=2026-08-31/data.parquet;local_warehouse/facts/equity_daily/trade_date=2026-08-31/data.parquet;local_warehouse/facts/daily_basic/trade_date=*/data.parquet;local_warehouse/facts/equity_daily/trade_date=*/data.parquet;local_warehouse/facts/adj_factor/trade_date=*/data.parquet;local_warehouse/facts/index_daily/trade_date=*/data.parquet","本地同期间主营与地区分项无记录；本地无同期间主题收入分项；本地未单列美国或北美收入"
"002922","伊戈尔","2026-06-30","2026-08-22T21:35:10.684372+08:00",2683797265.14,0.197506,111787202.78,98713312.33,13073890.450000003,-22775185.26,2675363817.52,1499142693.87,256210330.95,998872194.32,182168410,420126141.78,942533766.14,102257843.42,84260239.23,"变压设备产品",1915624034.44,0.7137737486069283,0.20254767702025972,1390171893.8,1293625371.34,,,"2026-08-31",24.66,10420894314,50.2285,1.9014,2.7731,0.02921535893155247,-0.3427505330490406,-0.4865819067811885,0.21436779139935846,0.011186547778408551,-0.3029255610788818,-0.48866861324703614,0.11925140092852615,"2021-07-14/2026-08-31","PE=1245;PS=1245;PB=1245",1245,1245,1245,0.8546184738955823,0.5614457831325301,0.5614457831325301,0.08791677514009821,0.03127904807554027,-0.20373696356659118,-0.11252822639228532,0.39563331620655817,-0.20044500153238354,0.30771654106645996,0.11695337323834594,0.021985999999999978,-0.13283715862736944,0.627697,"wide","partial","us_revenue;north_america_revenue","local_warehouse/facts/income_statement/report_period=2026-06-30/data.parquet;local_warehouse/facts/balance_sheet/report_period=2026-06-30/data.parquet;local_warehouse/facts/cash_flow/report_period=2026-06-30/data.parquet;local_warehouse/facts/financial_indicator/report_period=2026-06-30/data.parquet;local_warehouse/facts/main_business/report_period=2026-06-30/data.parquet;local_warehouse/facts/daily_basic/trade_date=2026-08-31/data.parquet;local_warehouse/facts/equity_daily/trade_date=2026-08-31/data.parquet;local_warehouse/facts/daily_basic/trade_date=*/data.parquet;local_warehouse/facts/equity_daily/trade_date=*/data.parquet;local_warehouse/facts/adj_factor/trade_date=*/data.parquet;local_warehouse/facts/index_daily/trade_date=*/data.parquet","变压设备产品为宽口径，不等同AI数据中心收入；本地未单列美国或北美收入"
"002851","麦格米特","2025-12-31","2026-08-28T21:43:59.839496+08:00",9402840214.9,0.22289,145752331.81,25784457.37,119967874.44,-139331731.4,6443079878.99,2910820613.41,41500491.63,2774715494.28,92978023.09,439160488.19,398084224.86,1122337491.07,36337759.01,"电源产品",2680004855.61,0.2850207803556196,0.22327986210077194,6610120316.22,2792719898.68,,,"2026-08-31",130.6,76402345180,340.7288,7.0808,8.3642,0.32106008496864247,-0.10834157983244364,0.0823428499009613,0.7470637763079715,0.30303127381549855,-0.06851660786228486,0.08025614343511367,0.6519473858371392,"2021-07-14/2026-08-31","PE=1245;PS=1245;PB=1245",1245,1245,1245,0.9333333333333333,0.9180722891566265,0.9413654618473896,0.15054828252872388,-0.9296281644834519,-0.9559485578702798,0.1298762223968013,0.14847479577849687,-0.020672060131922576,-0.002073486750227005,0.8230940318429201,-0.028850999999999988,0.22583559545180276,0.531121,"wide","partial","us_revenue;north_america_revenue","local_warehouse/facts/income_statement/report_period=2025-12-31/data.parquet;local_warehouse/facts/balance_sheet/report_period=2025-12-31/data.parquet;local_warehouse/facts/cash_flow/report_period=2025-12-31/data.parquet;local_warehouse/facts/financial_indicator/report_period=2025-12-31/data.parquet;local_warehouse/facts/main_business/report_period=2025-12-31/data.parquet;local_warehouse/facts/daily_basic/trade_date=2026-08-31/data.parquet;local_warehouse/facts/equity_daily/trade_date=2026-08-31/data.parquet;local_warehouse/facts/daily_basic/trade_date=*/data.parquet;local_warehouse/facts/equity_daily/trade_date=*/data.parquet;local_warehouse/facts/adj_factor/trade_date=*/data.parquet;local_warehouse/facts/index_daily/trade_date=*/data.parquet","电源产品为宽口径，不等同AI数据中心收入；本地未单列美国或北美收入"
"002851","麦格米特","2026-03-31","2026-08-28T21:44:01.689065+08:00",2787757360.95,0.215652,114687768.37,40246491.48,74441276.89000002,24577500.42,1933579837.74,3146268454.74,43163121.61,3167216977.72,88613521.93,125046642.14,424995279.23,286309564.89,66187529.54,,,,,,,,,"2026-08-31",130.6,76402345180,340.7288,7.0808,8.3642,0.32106008496864247,-0.10834157983244364,0.0823428499009613,0.7470637763079715,0.30303127381549855,-0.06851660786228486,0.08025614343511367,0.6519473858371392,"2021-07-14/2026-08-31","PE=1245;PS=1245;PB=1245",1245,1245,1245,0.9333333333333333,0.9180722891566265,0.9413654618473896,0.20352060746134937,-0.5622974853413428,0.21429922972002807,0.1849881104500377,0.3187081433825145,-0.018532497011311655,0.11518753592116515,0.6490777346878113,-0.013864999999999988,0.5989444932199048,0.429509,"unknown","partial","disclosed_theme_revenue;disclosed_theme_revenue_share;disclosed_theme_gross_margin;domestic_revenue;overseas_revenue;us_revenue;north_america_revenue","local_warehouse/facts/income_statement/report_period=2026-03-31/data.parquet;local_warehouse/facts/balance_sheet/report_period=2026-03-31/data.parquet;local_warehouse/facts/cash_flow/report_period=2026-03-31/data.parquet;local_warehouse/facts/financial_indicator/report_period=2026-03-31/data.parquet;local_warehouse/facts/daily_basic/trade_date=2026-08-31/data.parquet;local_warehouse/facts/equity_daily/trade_date=2026-08-31/data.parquet;local_warehouse/facts/daily_basic/trade_date=*/data.parquet;local_warehouse/facts/equity_daily/trade_date=*/data.parquet;local_warehouse/facts/adj_factor/trade_date=*/data.parquet;local_warehouse/facts/index_daily/trade_date=*/data.parquet","本地同期间主营与地区分项无记录；本地无同期间主题收入分项；本地未单列美国或北美收入"
"002851","麦格米特","2026-06-30","2026-08-30T21:42:14.158505+08:00",6061004622.08,0.212129,252070426.76,118191464.6,133878962.16,29545052.08,4272630659.48,3561259451.49,49566777.81,3586768426.98,112084675.69,189953188.65,352350551.47,621383159.33,93704929.86,"电源产品",1841320279.8,0.303797867616227,0.2505907637481287,3881151073.32,2179853548.76,,,"2026-08-31",130.6,76402345180,340.7288,7.0808,8.3642,0.32106008496864247,-0.10834157983244364,0.0823428499009613,0.7470637763079715,0.30303127381549855,-0.06851660786228486,0.08025614343511367,0.6519473858371392,"2021-07-14/2026-08-31","PE=1245;PS=1245;PB=1245",1245,1245,1245,0.9333333333333333,0.9180722891566265,0.9413654618473896,0.296822827284023,-0.1612804697049115,0.11720951346716402,0.4178643909379933,0.4112267820839133,0.12104156365397034,0.1144039547998903,0.531117290833439,-0.008569999999999994,0.0899757317634664,0.442624,"wide","partial","us_revenue;north_america_revenue","local_warehouse/facts/income_statement/report_period=2026-06-30/data.parquet;local_warehouse/facts/balance_sheet/report_period=2026-06-30/data.parquet;local_warehouse/facts/cash_flow/report_period=2026-06-30/data.parquet;local_warehouse/facts/financial_indicator/report_period=2026-06-30/data.parquet;local_warehouse/facts/main_business/report_period=2026-06-30/data.parquet;local_warehouse/facts/daily_basic/trade_date=2026-08-31/data.parquet;local_warehouse/facts/equity_daily/trade_date=2026-08-31/data.parquet;local_warehouse/facts/daily_basic/trade_date=*/data.parquet;local_warehouse/facts/equity_daily/trade_date=*/data.parquet;local_warehouse/facts/adj_factor/trade_date=*/data.parquet;local_warehouse/facts/index_daily/trade_date=*/data.parquet","电源产品为宽口径，不等同AI数据中心收入；本地未单列美国或北美收入"
"002335","科华数据","2025-12-31","2026-04-28T00:00:00+08:00",8160262477.61,0.245552,417988029.54,385003993.37,32984036.170000017,1161768304.23,8113690536.21,3472163070.15,179213027.94,513098944.75,351391044.92,343859208.69,333419730.16,481626769.36,8163224.8,"数据中心行业",3522928409.32,0.4317175359231588,0.26996052313863883,7128665409.06,1031597068.55,,,"2026-08-31",30.82,23250928805,40.7443,2.7975,3.5429,0.046875,-0.19968839262529203,-0.286566152728602,-0.14658178421095647,0.02884618884685608,-0.15986342065513326,-0.2886528591944496,-0.24169817468178878,"2021-07-14/2026-08-31","PE=1245;PS=1245;PB=1245",1245,1245,1245,0.42329317269076305,0.4562248995983936,0.3654618473895582,0.05196141796191389,0.3530530760759967,2.7794296059352166,0.08175070864582956,-0.22376089653913056,0.02978929068391567,-0.27572231450104445,0.07891143726364432,-0.006454000000000015,0.07219912352638658,0.535904,"theme","partial","us_revenue;north_america_revenue","local_warehouse/facts/income_statement/report_period=2025-12-31/data.parquet;local_warehouse/facts/balance_sheet/report_period=2025-12-31/data.parquet;local_warehouse/facts/cash_flow/report_period=2025-12-31/data.parquet;local_warehouse/facts/financial_indicator/report_period=2025-12-31/data.parquet;local_warehouse/facts/main_business/report_period=2025-12-31/data.parquet;local_warehouse/facts/daily_basic/trade_date=2026-08-31/data.parquet;local_warehouse/facts/equity_daily/trade_date=2026-08-31/data.parquet;local_warehouse/facts/daily_basic/trade_date=*/data.parquet;local_warehouse/facts/equity_daily/trade_date=*/data.parquet;local_warehouse/facts/adj_factor/trade_date=*/data.parquet;local_warehouse/facts/index_daily/trade_date=*/data.parquet","数据中心行业为正式披露口径，但不自动等同AI数据中心；数据中心行业可拆为数据中心产品2239034564.24元与IDC服务1283893845.08元；本地未单列美国或北美收入"
"002335","科华数据","2026-03-31","2026-04-28T00:00:00+08:00",1430062407.61,0.278537,78008800.49,64759399.94,13249400.549999997,120768361.93,1866516766.45,3108631789.22,158501560.31,699924130.51,410543116.27,44579656.01,414257612.81,108967348.23,9566721.1,,,,,,,,,"2026-08-31",30.82,23250928805,40.7443,2.7975,3.5429,0.046875,-0.19968839262529203,-0.286566152728602,-0.14658178421095647,0.02884618884685608,-0.15986342065513326,-0.2886528591944496,-0.24169817468178878,"2021-07-14/2026-08-31","PE=1245;PS=1245;PB=1245",1245,1245,1245,0.42329317269076305,0.4562248995983936,0.3654618473895582,0.1757257068955571,0.05848507306800377,1.5481376610255837,0.04880448012999006,-0.21296839637449416,-0.12692122676556705,-0.38869410327005127,0.16984494655443969,-0.022904000000000035,0.06916856918763159,0.517109,"unknown","partial","disclosed_theme_revenue;disclosed_theme_revenue_share;disclosed_theme_gross_margin;domestic_revenue;overseas_revenue;us_revenue;north_america_revenue","local_warehouse/facts/income_statement/report_period=2026-03-31/data.parquet;local_warehouse/facts/balance_sheet/report_period=2026-03-31/data.parquet;local_warehouse/facts/cash_flow/report_period=2026-03-31/data.parquet;local_warehouse/facts/financial_indicator/report_period=2026-03-31/data.parquet;local_warehouse/facts/daily_basic/trade_date=2026-08-31/data.parquet;local_warehouse/facts/equity_daily/trade_date=2026-08-31/data.parquet;local_warehouse/facts/daily_basic/trade_date=*/data.parquet;local_warehouse/facts/equity_daily/trade_date=*/data.parquet;local_warehouse/facts/adj_factor/trade_date=*/data.parquet;local_warehouse/facts/index_daily/trade_date=*/data.parquet","本地同期间主营与地区分项无记录；本地无同期间主题收入分项；本地未单列美国或北美收入"
"002335","科华数据","2026-06-30","2026-08-29T21:42:06.996157+08:00",3883879016.1,0.24350100000000002,396206519.4,242354143.05,153852376.34999996,625979433.54,4401064039.32,3314362246.33,159337513.96,888051175.97,437854030.18,121453481.76,480369966.59,212238130,17489841.74,"数据中心行业",1590699593.09,0.4095646611277048,0.2307239239290073,3030956956.65,852922059.45,,,"2026-08-31",30.82,23250928805,40.7443,2.7975,3.5429,0.046875,-0.19968839262529203,-0.286566152728602,-0.14658178421095647,0.02884618884685608,-0.15986342065513326,-0.2886528591944496,-0.24169817468178878,"2021-07-14/2026-08-31","PE=1245;PS=1245;PB=1245",1245,1245,1245,0.42329317269076305,0.4562248995983936,0.3654618473895582,0.04050258247893046,,1.5799321891218734,-0.14921735387587154,-0.04028821034093455,-0.189719936354802,-0.08079079281986501,0.38831359106101565,-0.006666000000000005,-0.15867422355297256,0.538951,"theme","partial","us_revenue;north_america_revenue","local_warehouse/facts/income_statement/report_period=2026-06-30/data.parquet;local_warehouse/facts/balance_sheet/report_period=2026-06-30/data.parquet;local_warehouse/facts/cash_flow/report_period=2026-06-30/data.parquet;local_warehouse/facts/financial_indicator/report_period=2026-06-30/data.parquet;local_warehouse/facts/main_business/report_period=2026-06-30/data.parquet;local_warehouse/facts/daily_basic/trade_date=2026-08-31/data.parquet;local_warehouse/facts/equity_daily/trade_date=2026-08-31/data.parquet;local_warehouse/facts/daily_basic/trade_date=*/data.parquet;local_warehouse/facts/equity_daily/trade_date=*/data.parquet;local_warehouse/facts/adj_factor/trade_date=*/data.parquet;local_warehouse/facts/index_daily/trade_date=*/data.parquet","数据中心行业为正式披露口径，但不自动等同AI数据中心；数据中心行业可拆为数据中心产品904390465.40元与IDC服务686309127.69元；本地未单列美国或北美收入"
"002518","科士达","2025-12-31","2026-04-28T00:00:00+08:00",5270259670.62,0.289842,610887824.39,577036627.57,33851196.81999993,911459286.56,4768627996.48,1589886226.31,4653444.69,955124023.1,192866112.13,191380220.44,253518463.65,294213568.04,-52492682.74,"数据中心行业",3130857497.5,0.5940613353367619,0.344414914003923,2508953629.59,2761306041.03,,,"2026-08-31",35.84,20866947584,32.32,3.6617,4.2803,0.15612903225806463,-0.2958742632612965,-0.35974596170546347,0.07063227150497187,0.1381002211049207,-0.25604929129113774,-0.3618326681713111,-0.024484118965860446,"2021-07-14/2026-08-31","PE=1245;PS=1245;PB=1245",1245,1245,1245,0.43132530120481927,0.41526104417670684,0.4433734939759036,0.2672005361284826,0.675116492037801,1.492023985696776,0.060498023683478896,-0.0891811038395196,-0.2067025124450037,-0.3563816399680022,0.05541311427151447,-0.004462999999999995,0.1454278559030171,0.37483299999999997,"theme","partial","us_revenue;north_america_revenue","local_warehouse/facts/income_statement/report_period=2025-12-31/data.parquet;local_warehouse/facts/balance_sheet/report_period=2025-12-31/data.parquet;local_warehouse/facts/cash_flow/report_period=2025-12-31/data.parquet;local_warehouse/facts/financial_indicator/report_period=2025-12-31/data.parquet;local_warehouse/facts/main_business/report_period=2025-12-31/data.parquet;local_warehouse/facts/daily_basic/trade_date=2026-08-31/data.parquet;local_warehouse/facts/equity_daily/trade_date=2026-08-31/data.parquet;local_warehouse/facts/daily_basic/trade_date=*/data.parquet;local_warehouse/facts/equity_daily/trade_date=*/data.parquet;local_warehouse/facts/adj_factor/trade_date=*/data.parquet;local_warehouse/facts/index_daily/trade_date=*/data.parquet","数据中心行业为正式披露口径，但不自动等同AI数据中心；另披露智慧电源、数据中心产品2954501002.23元；本地未单列美国或北美收入"
"002518","科士达","2026-03-31","2026-08-28T21:44:01.689065+08:00",1240294080.12,0.297124,138642938.29,129958324.76,8684613.529999986,112998868.76,1147357141.71,1564181852.21,4653444.69,1110501350.94,211150268.15,51533284.2,271378201.96,69998380.57,15816049.87,,,,,,,,,"2026-08-31",35.84,20866947584,32.32,3.6617,4.2803,0.15612903225806463,-0.2958742632612965,-0.35974596170546347,0.07063227150497187,0.1381002211049207,-0.25604929129113774,-0.3618326681713111,-0.024484118965860446,"2021-07-14/2026-08-31","PE=1245;PS=1245;PB=1245",1245,1245,1245,0.43132530120481927,0.41526104417670684,0.4433734939759036,0.314663261380824,0.26055525875716046,0.815035155441093,-0.0018897441805607595,-0.014239902233055601,-0.31655300556138477,-0.3289031636138796,0.06264014335756751,0.0034210000000000074,0.3520124398331941,0.374525,"unknown","partial","disclosed_theme_revenue;disclosed_theme_revenue_share;disclosed_theme_gross_margin;domestic_revenue;overseas_revenue;us_revenue;north_america_revenue","local_warehouse/facts/income_statement/report_period=2026-03-31/data.parquet;local_warehouse/facts/balance_sheet/report_period=2026-03-31/data.parquet;local_warehouse/facts/cash_flow/report_period=2026-03-31/data.parquet;local_warehouse/facts/financial_indicator/report_period=2026-03-31/data.parquet;local_warehouse/facts/daily_basic/trade_date=2026-08-31/data.parquet;local_warehouse/facts/equity_daily/trade_date=2026-08-31/data.parquet;local_warehouse/facts/daily_basic/trade_date=*/data.parquet;local_warehouse/facts/equity_daily/trade_date=*/data.parquet;local_warehouse/facts/adj_factor/trade_date=*/data.parquet;local_warehouse/facts/index_daily/trade_date=*/data.parquet","本地同期间主营与地区分项无记录；本地无同期间主题收入分项；本地未单列美国或北美收入"
"002518","科士达","2026-06-30","2026-08-30T21:42:14.158505+08:00",2591327008.71,0.294245,290096588.29,268261370.84,21835217.450000018,177132654.96,2569458074.21,1566090027.67,6648885.03,1234090279.53,272327835.91,110063385.45,322800465.62,143596581.59,28412273.02,"数据中心行业",1556658988.58,0.6007188530616702,0.33567281298819046,1079416647,1511910361.71,,,"2026-08-31",35.84,20866947584,32.32,3.6617,4.2803,0.15612903225806463,-0.2958742632612965,-0.35974596170546347,0.07063227150497187,0.1381002211049207,-0.25604929129113774,-0.3618326681713111,-0.024484118965860446,"2021-07-14/2026-08-31","PE=1245;PS=1245;PB=1245",1245,1245,1245,0.43132530120481927,0.41526104417670684,0.4433734939759036,0.19812798533561615,0.13386889014075654,0.6105988905423676,0.07821297935733318,0.14967721279861523,-0.11991500597828297,-0.04845077253700092,0.0752687840236579,0.0043219999999999925,0.4429090476014603,0.390071,"theme","partial","us_revenue;north_america_revenue","local_warehouse/facts/income_statement/report_period=2026-06-30/data.parquet;local_warehouse/facts/balance_sheet/report_period=2026-06-30/data.parquet;local_warehouse/facts/cash_flow/report_period=2026-06-30/data.parquet;local_warehouse/facts/financial_indicator/report_period=2026-06-30/data.parquet;local_warehouse/facts/main_business/report_period=2026-06-30/data.parquet;local_warehouse/facts/daily_basic/trade_date=2026-08-31/data.parquet;local_warehouse/facts/equity_daily/trade_date=2026-08-31/data.parquet;local_warehouse/facts/daily_basic/trade_date=*/data.parquet;local_warehouse/facts/equity_daily/trade_date=*/data.parquet;local_warehouse/facts/adj_factor/trade_date=*/data.parquet;local_warehouse/facts/index_daily/trade_date=*/data.parquet","数据中心行业为正式披露口径，但不自动等同AI数据中心；另披露智慧电源、数据中心产品1526123515.50元；本地未单列美国或北美收入"
"300693","盛弘股份","2025-12-31","2026-08-11T21:31:46.234484+08:00",3462813212.33,0.384677,476112258.72,464978054.24,11134204.48000002,701018629.18,2795138560.89,960809879.05,23439178.21,640294573.42,276552180.01,123602064.66,174917318.22,286843304.68,-8965069.98,"工业配套电源",710311413.48,0.2051255352009176,0.5853255841730981,,656055411.83,,,"2026-08-31",40.75,12746428850,23.3521,3.3022,5.6751,0.17131359586087958,-0.1462392625183323,-0.12508452878884624,0.012186691694282992,0.15328478470773566,-0.10641429054817353,-0.12717123525469387,-0.08292969877654932,"2021-07-14/2026-08-31","PE=1245;PS=1245;PB=1245",1245,1245,1245,0.27389558232931727,0.2321285140562249,0.24176706827309236,0.14051992452241513,0.11564351776731052,1.472380969699557,0.12509429337728584,-0.08709272249938615,-0.015425631145129293,-0.22761264702180128,0.023385670660809443,-0.007370000000000043,-0.16126769613865188,0.478033,"wide","partial","domestic_revenue;us_revenue;north_america_revenue","local_warehouse/facts/income_statement/report_period=2025-12-31/data.parquet;local_warehouse/facts/balance_sheet/report_period=2025-12-31/data.parquet;local_warehouse/facts/cash_flow/report_period=2025-12-31/data.parquet;local_warehouse/facts/financial_indicator/report_period=2025-12-31/data.parquet;local_warehouse/facts/main_business/report_period=2025-12-31/data.parquet;local_warehouse/facts/daily_basic/trade_date=2026-08-31/data.parquet;local_warehouse/facts/equity_daily/trade_date=2026-08-31/data.parquet;local_warehouse/facts/daily_basic/trade_date=*/data.parquet;local_warehouse/facts/equity_daily/trade_date=*/data.parquet;local_warehouse/facts/adj_factor/trade_date=*/data.parquet;local_warehouse/facts/index_daily/trade_date=*/data.parquet","工业配套电源为宽口径，不等同AI数据中心收入；本地未单列美国或北美收入"
"300693","盛弘股份","2026-03-31","2026-04-25T00:00:00+08:00",744296473.62,0.405799,85184238.69,85465866.84,-281628.15000000596,-64248999.89,640952506.34,964098068.67,21092668.96,751748236.01,303995162.12,47039730.37,210178588.67,72708167.86,7742247.47,,,,,,,,,"2026-08-31",40.75,12746428850,23.3521,3.3022,5.6751,0.17131359586087958,-0.1462392625183323,-0.12508452878884624,0.012186691694282992,0.15328478470773566,-0.10641429054817353,-0.12717123525469387,-0.08292969877654932,"2021-07-14/2026-08-31","PE=1245;PS=1245;PB=1245",1245,1245,1245,0.27389558232931727,0.2321285140562249,0.24176706827309236,0.23129520198515796,0.25007357613592096,-0.7542357703496428,0.14394426862537357,0.015081265921399911,-0.08735093335978439,-0.21621393606375805,-0.0033061063212045474,0.009726000000000012,0.9042929764250598,0.454288,"unknown","partial","disclosed_theme_revenue;disclosed_theme_revenue_share;disclosed_theme_gross_margin;domestic_revenue;overseas_revenue;us_revenue;north_america_revenue","local_warehouse/facts/income_statement/report_period=2026-03-31/data.parquet;local_warehouse/facts/balance_sheet/report_period=2026-03-31/data.parquet;local_warehouse/facts/cash_flow/report_period=2026-03-31/data.parquet;local_warehouse/facts/financial_indicator/report_period=2026-03-31/data.parquet;local_warehouse/facts/daily_basic/trade_date=2026-08-31/data.parquet;local_warehouse/facts/equity_daily/trade_date=2026-08-31/data.parquet;local_warehouse/facts/daily_basic/trade_date=*/data.parquet;local_warehouse/facts/equity_daily/trade_date=*/data.parquet;local_warehouse/facts/adj_factor/trade_date=*/data.parquet;local_warehouse/facts/index_daily/trade_date=*/data.parquet","本地同期间主营与地区分项无记录；本地无同期间主题收入分项；本地未单列美国或北美收入"
"300693","盛弘股份","2026-06-30","2026-08-12T00:00:00+08:00",1759458985.17,0.407029,227786579.19,227810093.58,-23514.390000015497,166220755.79,1558450743.82,1042913509.4,21619034.88,747361371.16,330354374.98,71532785.96,218588467.9,157808944.97,11951509.62,"工业配套电源",441383754.17,0.25086333804328675,0.6193911110165226,,413981890.25,,,"2026-08-31",40.75,12746428850,23.3521,3.3022,5.6751,0.17131359586087958,-0.1462392625183323,-0.12508452878884624,0.012186691694282992,0.15328478470773566,-0.10641429054817353,-0.12717123525469387,-0.08292969877654932,"2021-07-14/2026-08-31","PE=1245;PS=1245;PB=1245",1245,1245,1245,0.27389558232931727,0.2321285140562249,0.24176706827309236,0.2915637516831089,0.5044856792366306,0.7297214628757953,0.18445119345802197,-0.1000260555189012,-0.10711255822508692,-0.3915898072020101,-0.00010322991847733844,0.01699299999999998,0.36741603586748584,0.468515,"wide","partial","domestic_revenue;us_revenue;north_america_revenue","local_warehouse/facts/income_statement/report_period=2026-06-30/data.parquet;local_warehouse/facts/balance_sheet/report_period=2026-06-30/data.parquet;local_warehouse/facts/cash_flow/report_period=2026-06-30/data.parquet;local_warehouse/facts/financial_indicator/report_period=2026-06-30/data.parquet;local_warehouse/facts/main_business/report_period=2026-06-30/data.parquet;local_warehouse/facts/daily_basic/trade_date=2026-08-31/data.parquet;local_warehouse/facts/equity_daily/trade_date=2026-08-31/data.parquet;local_warehouse/facts/daily_basic/trade_date=*/data.parquet;local_warehouse/facts/equity_daily/trade_date=*/data.parquet;local_warehouse/facts/adj_factor/trade_date=*/data.parquet;local_warehouse/facts/index_daily/trade_date=*/data.parquet","工业配套电源为宽口径，不等同AI数据中心收入；本地未单列美国或北美收入"
