run_id,formation_date,action_date,ts_code,name,final_fate,opportunity_type,engine_type,engine_status,selection_as_of,outcome_through_date,outcome_trading_day_count,outcome_data_status,outcome_close_return,outcome_max_close_return,outcome_max_high_return,outcome_mae,outcome_close_drawdown_from_peak,relative_market_return_if_available,relative_sector_return_if_available
formal:2026-08-19:2026-08-20,2026-08-19,2026-08-20,000703.SZ,恒逸石化,selected,,,,2026-08-20T09:05:00+08:00,2026-08-31,8,available,0.010351966873705987,0.07660455486542439,0.08436853002070377,-0.08281573498964812,-0.06153846153846154,,
formal:2026-08-19:2026-08-20,2026-08-19,2026-08-20,601609.SH,金田股份,selected,,,,2026-08-20T09:05:00+08:00,2026-08-31,8,available,0.05144193296960253,0.05144193296960253,0.06313328137178487,-0.03273577552611062,0.0,,
formal:2026-08-19:2026-08-20,2026-08-19,2026-08-20,600408.SH,安泰集团,selected,,,,2026-08-20T09:05:00+08:00,2026-08-31,8,available,0.08771929824561409,0.08771929824561409,0.10175438596491237,-0.05263157894736836,0.0,,
formal:2026-08-19:2026-08-20,2026-08-19,2026-08-20,002508.SZ,老板电器,selected,,,,2026-08-20T09:05:00+08:00,2026-08-31,8,available,-0.03225806451612878,0.008520998174071925,0.017650639074863195,-0.0346926354230066,-0.040434520217259906,,
formal:2026-08-19:2026-08-20,2026-08-19,2026-08-20,600346.SH,恒力石化,rejected,,,,2026-08-20T09:05:00+08:00,2026-08-31,8,available,0.03090037293553549,0.04741608950452858,0.05647309536494394,-0.0458177943526904,-0.01576805696846395,,
formal:2026-08-19:2026-08-20,2026-08-19,2026-08-20,301106.SZ,骏成科技,rejected,,,,2026-08-20T09:05:00+08:00,2026-08-31,8,available,-0.11739130434782619,0.01521739130434785,0.09913043478260875,-0.1691304347826087,-0.13062098501070674,,
formal:2026-08-19:2026-08-20,2026-08-19,2026-08-20,300900.SZ,广联航空,rejected,,,,2026-08-20T09:05:00+08:00,2026-08-31,8,available,0.05290322580645168,0.05290322580645168,0.0567741935483872,-0.09677419354838723,0.0,,
formal:2026-08-19:2026-08-20,2026-08-19,2026-08-20,601011.SH,宝泰隆,rejected,,,,2026-08-20T09:05:00+08:00,2026-08-31,8,available,-0.052307692307692166,-0.01538461538461533,0.027692307692307683,-0.1661538461538461,-0.03749999999999987,,
formal:2026-08-19:2026-08-20,2026-08-19,2026-08-20,601015.SH,陕西黑猫,rejected,,,,2026-08-20T09:05:00+08:00,2026-08-31,8,available,0.06887052341597788,0.06887052341597788,0.0826446280991735,-0.04958677685950408,0.0,,
formal:2026-08-19:2026-08-20,2026-08-19,2026-08-20,000723.SZ,美锦能源,rejected,,,,2026-08-20T09:05:00+08:00,2026-08-31,8,available,0.05121293800539095,0.06469002695417791,0.10242587601078168,-0.06738544474393526,-0.012658227848101222,,
formal:2026-08-19:2026-08-20,2026-08-19,2026-08-20,002543.SZ,万和电气,rejected,,,,2026-08-20T09:05:00+08:00,2026-08-31,8,available,-0.04258064516129034,-0.019354838709677358,0.06967741935483862,-0.09935483870967732,-0.023684210526315863,,
formal:2026-08-19:2026-08-20,2026-08-19,2026-08-20,300911.SZ,亿田智能,rejected,,,,2026-08-20T09:05:00+08:00,2026-08-31,8,available,0.054235946159936654,0.054235946159936654,0.054235946159936654,-0.18923198733174984,0.0,,
formal:2026-08-19:2026-08-20,2026-08-19,2026-08-20,000505.SZ,京粮控股,rejected,,,,2026-08-20T09:05:00+08:00,2026-08-31,8,available,0.023255813953488413,0.08866279069767447,0.1773255813953487,-0.08720930232558133,-0.060080106809078826,,
formal:2026-08-19:2026-08-20,2026-08-19,2026-08-20,600127.SH,金健米业,rejected,,,,2026-08-20T09:05:00+08:00,2026-08-31,8,available,0.479115479115479,0.479115479115479,0.5454545454545454,-0.045454545454545636,0.0,,
formal:2026-08-19:2026-08-20,2026-08-19,2026-08-20,601009.SH,南京银行,rejected,,,,2026-08-20T09:05:00+08:00,2026-08-31,8,available,-0.0034188034188032956,0.01880341880341896,0.02478632478632492,-0.017094017094016922,-0.021812080536912748,,
formal:2026-08-19:2026-08-20,2026-08-19,2026-08-20,300035.SZ,中科电气,rejected,,,,2026-08-20T09:05:00+08:00,2026-08-31,8,available,-0.09364319890635675,-0.03007518796992481,0.002734107997265811,-0.10594668489405323,-0.06553911205073992,,
formal:2026-08-19:2026-08-20,2026-08-19,2026-08-20,301085.SZ,亚康股份,rejected,,,,2026-08-20T09:05:00+08:00,2026-08-31,8,available,-0.022389253158484057,-0.022389253158484057,0.013753398368782976,-0.10666879897649129,0.0,,
formal:2026-08-19:2026-08-20,2026-08-19,2026-08-20,301235.SZ,华康洁净,unresolved,,,,2026-08-20T09:05:00+08:00,2026-08-31,8,available,0.01710901513489782,0.028295678876946617,0.06163632375520933,-0.12458872559771894,-0.010878839590443778,,
formal:2026-08-19:2026-08-20,2026-08-19,2026-08-20,300757.SZ,罗博特科,unresolved,,,,2026-08-20T09:05:00+08:00,2026-08-31,8,available,0.1279721248836887,0.1279721248836887,0.1284670665795571,-0.05287957078656136,0.0,,
formal:2026-08-20:2026-08-21,2026-08-20,2026-08-21,600601.SH,方正科技,selected,company_catalyst,,,2026-08-21T09:10:00+08:00,2026-08-31,7,available,0.04408163265306109,0.04408163265306109,0.059591836734693926,-0.09551020408163269,0.0,,
formal:2026-08-20:2026-08-21,2026-08-20,2026-08-21,603993.SH,洛阳钼业,selected,company_catalyst,,,2026-08-21T09:10:00+08:00,2026-08-31,7,available,0.036432843936922144,0.06525285481239806,0.08700380641653083,-0.011419249592169667,-0.027054619703930638,,
formal:2026-08-20:2026-08-21,2026-08-20,2026-08-21,603969.SH,银龙股份,selected,independent_price_anomaly,,,2026-08-21T09:10:00+08:00,2026-08-31,7,available,0.07927677329624472,0.07927677329624472,0.08762169680111254,-0.019471488178025242,0.0,,
formal:2026-08-20:2026-08-21,2026-08-20,2026-08-21,600737.SH,中粮糖业,selected,sector_diffusion,,,2026-08-21T09:10:00+08:00,2026-08-31,7,available,-0.0240103828682674,0.040233614536015816,0.07073329007138218,-0.07787151200519127,-0.06175920149719305,,
formal:2026-08-20:2026-08-21,2026-08-20,2026-08-21,600111.SH,北方稀土,rejected,company_catalyst,,,2026-08-21T09:10:00+08:00,2026-08-31,7,available,0.034114052953156726,0.041496945010183195,0.053462321792260736,-0.004327902240325865,-0.0070887313615253245,,
formal:2026-08-20:2026-08-21,2026-08-20,2026-08-21,300936.SZ,中英科技,rejected,company_catalyst,,,2026-08-21T09:10:00+08:00,2026-08-31,7,available,-0.02130811303555169,0.025752051048313573,0.09389243391066526,-0.16807201458523235,-0.04587869362363939,,
formal:2026-08-20:2026-08-21,2026-08-20,2026-08-21,002852.SZ,道道全,rejected,sector_diffusion,,,2026-08-21T09:10:00+08:00,2026-08-31,7,available,0.037484885126964906,0.07496977025393003,0.13059250302297465,-0.0652962515114871,-0.034870641169853944,,
formal:2026-08-20:2026-08-21,2026-08-20,2026-08-21,300153.SZ,科泰电源,rejected,company_catalyst,,,2026-08-21T09:10:00+08:00,2026-08-31,7,available,0.042790697674418565,0.042790697674418565,0.06186046511627885,-0.05395348837209313,0.0,,
formal:2026-08-20:2026-08-21,2026-08-20,2026-08-21,601700.SH,风范股份,rejected,company_catalyst,,,2026-08-21T09:10:00+08:00,2026-08-31,7,available,0.06507304116865864,0.11288180610889786,0.11288180610889786,-0.12350597609561764,-0.042959427207637346,,
formal:2026-08-20:2026-08-21,2026-08-20,2026-08-21,601096.SH,宏盛华源,rejected,company_catalyst,,,2026-08-21T09:10:00+08:00,2026-08-31,7,available,0.024390243902439046,0.034146341463414664,0.041463414634146156,-0.007317073170731603,-0.009433962264150941,,
formal:2026-08-20:2026-08-21,2026-08-20,2026-08-21,300865.SZ,大宏立,rejected,independent_price_anomaly,,,2026-08-21T09:10:00+08:00,2026-08-31,7,available,0.15349002849002868,0.15349002849002868,0.19123931623931623,-0.00712250712250706,0.0,,
formal:2026-08-20:2026-08-21,2026-08-20,2026-08-21,600547.SH,山东黄金,rejected,independent_price_anomaly,,,2026-08-21T09:10:00+08:00,2026-08-31,7,available,0.05578800557880048,0.05578800557880048,0.06387726638772673,-0.06276150627615062,0.0,,
formal:2026-08-20:2026-08-21,2026-08-20,2026-08-21,000703.SZ,恒逸石化,rejected,independent_price_anomaly,,,2026-08-21T09:10:00+08:00,2026-08-31,7,available,-0.02982107355864816,0.03379721669980129,0.04125248508946311,-0.11928429423459253,-0.06153846153846165,,
formal:2026-08-20:2026-08-21,2026-08-20,2026-08-21,603565.SH,中谷物流,rejected,independent_price_anomaly,,,2026-08-21T09:10:00+08:00,2026-08-31,7,available,0.07017543859649122,0.12949039264828732,0.14452798663324962,-0.013366750208855471,-0.05251479289940819,,
formal:2026-08-21:2026-08-24,2026-08-21,2026-08-24,600583.SH,海油工程,selected,sector_diffusion,sector_leader_cluster,active,2026-08-23T09:05:02+08:00,2026-08-31,6,available,0.026666666666666616,0.026666666666666616,0.0366666666666664,-0.018333333333333424,0.0,,
formal:2026-08-21:2026-08-24,2026-08-21,2026-08-24,600980.SH,北矿科技,selected,independent_price_anomaly,independent_demand_acceleration,active,2026-08-23T09:05:02+08:00,2026-08-31,6,available,-0.008461921353907331,0.011946241911398703,0.018914883026381224,-0.024390243902438824,-0.02016724053123453,,
formal:2026-08-21:2026-08-24,2026-08-21,2026-08-24,001301.SZ,尚太科技,rejected,company_catalyst,event_repricing_confirmed,active,2026-08-23T09:05:02+08:00,2026-08-31,6,available,-0.08209895997478722,0.0056728647967223544,0.012921525370311882,-0.08966277970375036,-0.0872767157630836,,
formal:2026-08-21:2026-08-24,2026-08-21,2026-08-24,301419.SZ,阿莱德,rejected,company_catalyst,fresh_event_pending,conditional,2026-08-23T09:05:02+08:00,2026-08-31,6,available,-0.11696306429548564,-0.06292749658002739,0.025991792065663377,-0.18513451892384858,-0.0576642335766423,,
formal:2026-08-21:2026-08-24,2026-08-21,2026-08-24,605169.SH,洪通燃气,rejected,sector_diffusion,sector_leader_cluster,active,2026-08-23T09:05:02+08:00,2026-08-31,6,available,0.1343146274149034,0.14167433302667898,0.14627414903403868,-0.015639374425023056,-0.006446414182111226,,
formal:2026-08-24:2026-08-25,2026-08-24,2026-08-25,000690.SZ,宝新能源,selected,independent_price_anomaly,independent_demand_acceleration,active,2026-08-25T09:05:00+08:00,2026-08-31,5,available,-0.00809716599190291,-0.002024291497975894,0.00809716599190291,-0.022267206477732948,-0.006085192697768638,,
formal:2026-08-24:2026-08-25,2026-08-24,2026-08-25,601998.SH,中信银行,selected,sector_diffusion,sector_broad_diffusion,active,2026-08-25T09:05:00+08:00,2026-08-31,5,available,0.03146853146853146,0.03146853146853146,0.04312354312354305,-0.01631701631701632,0.0,,
formal:2026-08-24:2026-08-25,2026-08-24,2026-08-25,601077.SH,渝农商行,rejected,sector_diffusion,sector_broad_diffusion,active,2026-08-25T09:05:00+08:00,2026-08-31,5,available,-0.03271692745376975,-0.019914651493598945,0.00426742532005675,-0.038406827880512195,-0.013062409288824517,,
formal:2026-08-24:2026-08-25,2026-08-24,2026-08-25,002014.SZ,永新股份,rejected,independent_price_anomaly,independent_demand_acceleration,active,2026-08-25T09:05:00+08:00,2026-08-31,5,available,0.03937728937728924,0.03937728937728924,0.05128205128205132,0.0,0.0,,
formal:2026-08-24:2026-08-25,2026-08-24,2026-08-25,603291.SH,联合水务,unresolved,company_catalyst,unresolved,unresolved,2026-08-25T09:05:00+08:00,2026-08-31,5,available,-0.004449388209121552,0.015572858731924377,0.023359288097886344,-0.018909899888765347,-0.01971522453450192,,
formal:2026-08-25:2026-08-26,2026-08-25,2026-08-26,002366.SZ,融发核电,selected,company_catalyst,fresh_event_pending,conditional,2026-08-26T09:05:00+08:00,2026-08-31,4,available,-0.019230769230769273,0.008012820512820484,0.033653846153846256,-0.04166666666666652,-0.027027027027027084,,
formal:2026-08-25:2026-08-26,2026-08-25,2026-08-26,002274.SZ,华昌化工,selected,independent_price_anomaly,independent_demand_acceleration,active,2026-08-26T09:05:00+08:00,2026-08-31,4,no_reliable_entry_price,,,,,,,
formal:2026-08-25:2026-08-26,2026-08-25,2026-08-26,603408.SH,建霖家居,selected,independent_price_anomaly,independent_demand_acceleration,active,2026-08-26T09:05:00+08:00,2026-08-31,4,available,0.03415061295971977,0.03415061295971977,0.0507880910683014,-0.014010507880910628,0.0,,
formal:2026-08-25:2026-08-26,2026-08-25,2026-08-26,300473.SZ,德尔股份,selected,independent_price_anomaly,independent_demand_acceleration,active,2026-08-26T09:05:00+08:00,2026-08-31,4,available,0.12140833670578721,0.12140833670578721,0.18292189397005254,-0.022258195062727637,0.0,,
formal:2026-08-25:2026-08-26,2026-08-25,2026-08-26,300816.SZ,艾可蓝,rejected,company_catalyst,unresolved,unresolved,2026-08-26T09:05:00+08:00,2026-08-31,4,available,0.28587360594795563,0.28587360594795563,0.3003717472118961,0.0,0.0,,
formal:2026-08-25:2026-08-26,2026-08-25,2026-08-26,300990.SZ,同飞股份,rejected,independent_price_anomaly,independent_demand_acceleration,active,2026-08-26T09:05:00+08:00,2026-08-31,4,available,0.1820905843033307,0.1820905843033307,0.19857093465483477,-0.06373170450616561,0.0,,
formal:2026-08-25:2026-08-26,2026-08-25,2026-08-26,002536.SZ,飞龙股份,rejected,independent_price_anomaly,independent_demand_acceleration,active,2026-08-26T09:05:00+08:00,2026-08-31,4,available,0.07604860838886718,0.07604860838886718,0.08702469619756958,-0.05919247353978829,0.0,,
formal:2026-08-25:2026-08-26,2026-08-25,2026-08-26,002638.SZ,勤上股份,rejected,sector_diffusion,sector_broad_diffusion,active,2026-08-26T09:05:00+08:00,2026-08-31,4,available,0.08083140877598138,0.08083140877598138,0.10161662817551953,0.0,0.0,,
formal:2026-08-25:2026-08-26,2026-08-25,2026-08-26,000628.SZ,高新发展,rejected,sector_diffusion,sector_broad_diffusion,active,2026-08-26T09:05:00+08:00,2026-08-31,4,available,0.026896406808152973,0.026896406808152973,0.05484345450724937,-0.03593191847026689,0.0,,
formal:2026-08-25:2026-08-26,2026-08-25,2026-08-26,300265.SZ,通光线缆,unresolved,company_catalyst,unresolved,unresolved,2026-08-26T09:05:00+08:00,2026-08-31,4,available,-0.00868935553946426,0.036205648081100605,0.051412020275162895,-0.03837798696596684,-0.04332634521313772,,
formal:2026-08-25:2026-08-26,2026-08-25,2026-08-26,002645.SZ,华宏科技,rejected,company_catalyst,anchor_only,inactive,2026-08-26T09:05:00+08:00,2026-08-31,4,available,0.02642706131078243,0.031183932346722898,0.03699788583509522,-0.02484143763213542,-0.004613018964633175,,
formal:2026-08-25:2026-08-26,2026-08-25,2026-08-26,601069.SH,西部黄金,rejected,company_catalyst,anchor_only,inactive,2026-08-26T09:05:00+08:00,2026-08-31,4,available,-0.04525175270873161,-0.008604206500956058,0.028362014021669824,-0.09241555130656476,-0.036965605914496824,,
formal:2026-08-26:2026-08-27,2026-08-26,2026-08-27,300107.SZ,建新股份,selected,independent_price_anomaly,independent_demand_acceleration,active,2026-08-27T09:05:00+08:00,2026-08-31,3,available,0.025000000000000133,0.025000000000000133,0.0352941176470587,-0.014705882352941235,0.0,,
formal:2026-08-26:2026-08-27,2026-08-26,2026-08-27,301289.SZ,国缆检测,selected,independent_price_anomaly,independent_demand_acceleration,active,2026-08-27T09:05:00+08:00,2026-08-31,3,available,-0.024310831343607564,0.012589537660082417,0.012589537660082417,-0.03820273496852611,-0.03644158628081451,,
formal:2026-08-26:2026-08-27,2026-08-26,2026-08-27,300082.SZ,奥克股份,selected,independent_price_anomaly,independent_demand_acceleration,active,2026-08-27T09:05:00+08:00,2026-08-31,3,available,-0.030681818181818366,-0.017045454545454586,0.004545454545454408,-0.03749999999999998,-0.0138728323699423,,
formal:2026-08-26:2026-08-27,2026-08-26,2026-08-27,603993.SH,洛阳钼业,selected,independent_price_anomaly,independent_demand_acceleration,active,2026-08-27T09:05:00+08:00,2026-08-31,3,available,-0.008840353614144703,0.01456058242329683,0.026001040041601753,-0.040561622464898694,-0.023065094823167653,,
formal:2026-08-26:2026-08-27,2026-08-26,2026-08-27,300399.SZ,天利科技,rejected,independent_price_anomaly,independent_demand_acceleration,active,2026-08-27T09:05:00+08:00,2026-08-31,3,available,0.02366863905325456,0.05164066702528247,0.05325443786982231,0.0,-0.026598465473145705,,
formal:2026-08-26:2026-08-27,2026-08-26,2026-08-27,300690.SZ,双一科技,rejected,independent_price_anomaly,independent_demand_acceleration,active,2026-08-27T09:05:00+08:00,2026-08-31,3,available,0.0674157303370786,0.0674157303370786,0.09896283491789126,-0.028089887640449507,0.0,,
formal:2026-08-26:2026-08-27,2026-08-26,2026-08-27,603588.SH,高能环境,rejected,independent_price_anomaly,independent_demand_acceleration,active,2026-08-27T09:05:00+08:00,2026-08-31,3,available,0.06380027739251037,0.0783633841886271,0.0977808599167822,-0.020804438280166537,-0.013504823151125556,,
formal:2026-08-27:2026-08-28,2026-08-27,2026-08-28,003816.SZ,中国广核,selected,independent_price_anomaly,independent_demand_acceleration,active,2026-08-28T09:05:00+08:00,2026-08-31,2,available,0.023980815347721673,0.023980815347721673,0.031175059952038175,-0.0023980815347722784,0.0,,
formal:2026-08-27:2026-08-28,2026-08-27,2026-08-28,000655.SZ,金岭矿业,selected,independent_price_anomaly,independent_demand_acceleration,active,2026-08-28T09:05:00+08:00,2026-08-31,2,available,-0.006784260515603657,0.024423337856173788,0.02578018995929443,-0.01899592944369044,-0.030463576158940353,,
formal:2026-08-27:2026-08-28,2026-08-27,2026-08-28,000801.SZ,四川九洲,selected,sector_diffusion,sector_broad_diffusion,active,2026-08-28T09:05:00+08:00,2026-08-31,2,available,0.05630252100840338,0.05630252100840338,0.06386554621848717,-0.015966386554621903,0.0,,
formal:2026-08-27:2026-08-28,2026-08-27,2026-08-28,000513.SZ,丽珠集团,selected,company_catalyst,fresh_event_pending,conditional,2026-08-28T09:05:00+08:00,2026-08-31,2,available,-0.011601796407185505,0.0014970059880239361,0.008607784431137633,-0.016841317365269393,-0.013079222720478234,,
formal:2026-08-27:2026-08-28,2026-08-27,2026-08-28,301085.SZ,亚康股份,selected,company_catalyst,fresh_event_pending,conditional,2026-08-28T09:05:00+08:00,2026-08-31,2,available,-0.01972418216805638,-0.01972418216805638,0.015073765234124403,-0.07665169980756892,0.0,,
formal:2026-08-27:2026-08-28,2026-08-27,2026-08-28,002111.SZ,威海广泰,rejected,company_catalyst,fresh_event_pending,conditional,2026-08-28T09:05:00+08:00,2026-08-31,2,available,0.03357817418677844,0.03357817418677844,0.043022035676810066,-0.0020986358866735833,0.0,,
formal:2026-08-27:2026-08-28,2026-08-27,2026-08-28,301111.SZ,粤万年青,rejected,company_catalyst,fresh_event_pending,conditional,2026-08-28T09:05:00+08:00,2026-08-31,2,available,-0.04336734693877542,0.021258503401360596,0.1054421768707483,-0.08163265306122436,-0.06328059950041631,,
formal:2026-08-27:2026-08-28,2026-08-27,2026-08-28,002011.SZ,盾安环境,rejected,sector_diffusion,sector_broad_diffusion,active,2026-08-28T09:05:00+08:00,2026-08-31,2,available,-0.003894839337877376,-0.003894839337877376,0.006815968841285214,-0.01850048685491723,0.0,,
formal:2026-08-28:2026-08-31,2026-08-28,2026-08-31,002430.SZ,杭氧股份,selected,independent_price_anomaly,independent_demand_acceleration,active,2026-08-31T09:09:39+08:00,2026-08-31,1,available,0.036589966050546874,0.036589966050546874,0.03923047906450372,-0.009430403621275119,0.0,,
formal:2026-08-28:2026-08-31,2026-08-28,2026-08-31,300910.SZ,瑞丰新材,selected,sector_diffusion,sector_broad_diffusion,active,2026-08-31T09:09:39+08:00,2026-08-31,1,available,0.012824956672443433,0.012824956672443433,0.018370883882149025,-0.01906412478336228,0.0,,
formal:2026-08-28:2026-08-31,2026-08-28,2026-08-31,600150.SH,中国船舶,selected,company_catalyst,fresh_event_pending,conditional,2026-08-31T09:09:39+08:00,2026-08-31,1,available,-0.020689655172413723,-0.020689655172413723,0.0002873563218392938,-0.03390804597701147,0.0,,
formal:2026-08-28:2026-08-31,2026-08-28,2026-08-31,000928.SZ,中钢国际,selected,independent_price_anomaly,independent_demand_acceleration,active,2026-08-31T09:09:39+08:00,2026-08-31,1,available,0.026168224299065512,0.026168224299065512,0.0317757009345796,-0.009345794392523255,0.0,,
formal:2026-08-28:2026-08-31,2026-08-28,2026-08-31,603596.SH,伯特利,rejected,independent_price_anomaly,independent_demand_acceleration,active,2026-08-31T09:09:39+08:00,2026-08-31,1,available,0.0024999999999999467,0.0024999999999999467,0.009285714285714342,-0.01749999999999996,0.0,,
formal:2026-08-28:2026-08-31,2026-08-28,2026-08-31,300022.SZ,吉峰科技,rejected,company_catalyst,anchor_only,inactive,2026-08-31T09:09:39+08:00,2026-08-31,1,available,-0.019138755980861233,-0.019138755980861233,0.004784688995215225,-0.031100478468899517,0.0,,
formal:2026-08-28:2026-08-31,2026-08-28,2026-08-31,600293.SH,三峡新材,rejected,sector_diffusion,sector_broad_diffusion,active,2026-08-31T09:09:39+08:00,2026-08-31,1,available,0.003355704697986628,0.003355704697986628,0.010067114093959662,-0.016778523489932917,0.0,,
formal:2026-08-28:2026-08-31,2026-08-28,2026-08-31,600998.SH,九州通,rejected,company_catalyst,anchor_only,inactive,2026-08-31T09:09:39+08:00,2026-08-31,1,available,-0.014256619144603078,-0.014256619144603078,0.0,-0.020366598778004175,0.0,,
