event_key,formation_date,action_date,selection_as_of,ts_code,name,trade_date,trading_day_number,is_action_date,data_status,open,high,low,close,pre_close,pct_chg_percent,volume_shares,amount_cny,adj_factor,entry_open_raw,entry_open_adjusted,open_return_since_entry,high_return_since_entry,low_return_since_entry,close_return_since_entry,max_close_return_so_far,max_high_return_so_far,mae_since_entry,close_drawdown_from_peak,available_at,availability_precision,quality_status,price_basis
formal:2026-08-19:000703.SZ:selected,2026-08-19,2026-08-20,2026-08-20T09:05:00+08:00,000703.SZ,恒逸石化,2026-08-20,1,True,available,19.32,20.7,18.84,20.1,19.08,5.3459,174598562.0,3496241963.04,9.9241,19.32,191.733612,0.0,0.0714285714285714,-0.024844720496894568,0.04037267080745344,0.04037267080745344,0.0714285714285714,-0.024844720496894568,0.0,2026-08-20T07:01:00+00:00,inferred_from_endpoint_policy,passed,raw_ohlc; cumulative_returns_use_ohlc_times_adj_factor
formal:2026-08-19:000703.SZ:selected,2026-08-19,2026-08-20,2026-08-20T09:05:00+08:00,000703.SZ,恒逸石化,2026-08-21,2,False,available,20.12,20.93,19.7,20.8,20.1,3.4826,116239125.0,2374865003.12,9.9241,19.32,191.733612,0.04140786749482395,0.08333333333333326,0.01966873706004124,0.07660455486542439,0.07660455486542439,0.08333333333333326,-0.024844720496894568,0.0,2026-08-21T07:01:00+00:00,inferred_from_endpoint_policy,passed,raw_ohlc; cumulative_returns_use_ohlc_times_adj_factor
formal:2026-08-19:000703.SZ:selected,2026-08-19,2026-08-20,2026-08-20T09:05:00+08:00,000703.SZ,恒逸石化,2026-08-24,3,False,available,20.59,20.95,18.73,19.02,20.8,-8.5577,154297622.0,3006417544.21,9.9241,19.32,191.733612,0.06573498964803304,0.08436853002070377,-0.030538302277432705,-0.015527950310559091,0.07660455486542439,0.08436853002070377,-0.030538302277432705,-0.0855769230769231,2026-08-24T07:01:00+00:00,inferred_from_endpoint_policy,passed,raw_ohlc; cumulative_returns_use_ohlc_times_adj_factor
formal:2026-08-19:000703.SZ:selected,2026-08-19,2026-08-20,2026-08-20T09:05:00+08:00,000703.SZ,恒逸石化,2026-08-25,4,False,available,19.29,19.38,18.0,18.34,19.02,-3.5752,119116771.0,2207488955.0899997,9.9241,19.32,191.733612,-0.0015527950310559868,0.0031055900621117516,-0.06832298136645976,-0.050724637681159424,0.07660455486542439,0.08436853002070377,-0.06832298136645976,-0.1182692307692308,2026-08-25T07:01:00+00:00,inferred_from_endpoint_policy,passed,raw_ohlc; cumulative_returns_use_ohlc_times_adj_factor
formal:2026-08-19:000703.SZ:selected,2026-08-19,2026-08-20,2026-08-20T09:05:00+08:00,000703.SZ,恒逸石化,2026-08-26,5,False,available,17.75,18.44,17.72,18.2,18.34,-0.7634,109873122.0,1981552458.56,9.9241,19.32,191.733612,-0.08126293995859213,-0.04554865424430632,-0.08281573498964812,-0.05797101449275366,0.07660455486542439,0.08436853002070377,-0.08281573498964812,-0.125,2026-08-26T07:01:00+00:00,inferred_from_endpoint_policy,passed,raw_ohlc; cumulative_returns_use_ohlc_times_adj_factor
formal:2026-08-19:000703.SZ:selected,2026-08-19,2026-08-20,2026-08-20T09:05:00+08:00,000703.SZ,恒逸石化,2026-08-27,6,False,available,18.18,19.55,17.93,19.2,18.2,5.4945,120804327.0,2269271510.28,9.9241,19.32,191.733612,-0.05900621118012428,0.011904761904761862,-0.07194616977225676,-0.006211180124223725,0.07660455486542439,0.08436853002070377,-0.08281573498964812,-0.07692307692307698,2026-08-27T07:01:00+00:00,inferred_from_endpoint_policy,passed,raw_ohlc; cumulative_returns_use_ohlc_times_adj_factor
formal:2026-08-19:000703.SZ:selected,2026-08-19,2026-08-20,2026-08-20T09:05:00+08:00,000703.SZ,恒逸石化,2026-08-28,7,False,available,19.2,19.74,18.88,19.49,19.2,1.5104,93911707.0,1821312529.62,9.9241,19.32,191.733612,-0.006211180124223725,0.021739130434782483,-0.022774327122153326,0.008799171842649889,0.07660455486542439,0.08436853002070377,-0.08281573498964812,-0.06298076923076934,2026-08-28T07:01:00+00:00,inferred_from_endpoint_policy,passed,raw_ohlc; cumulative_returns_use_ohlc_times_adj_factor
formal:2026-08-19:000703.SZ:selected,2026-08-19,2026-08-20,2026-08-20T09:05:00+08:00,000703.SZ,恒逸石化,2026-08-31,8,False,available,19.8,19.9,18.95,19.52,19.49,0.1539,132783032.0,2589127047.5,9.9241,19.32,191.733612,0.024844720496894457,0.030020703933747228,-0.019151138716356098,0.010351966873705987,0.07660455486542439,0.08436853002070377,-0.08281573498964812,-0.06153846153846154,2026-08-31T07:01:00+00:00,inferred_from_endpoint_policy,passed,raw_ohlc; cumulative_returns_use_ohlc_times_adj_factor
formal:2026-08-19:601609.SH:selected,2026-08-19,2026-08-20,2026-08-20T09:05:00+08:00,601609.SH,金田股份,2026-08-20,1,True,available,12.83,13.02,12.41,12.87,12.95,-0.6178,149272112.0,1905394843.0,1.1003,12.83,14.116849,0.0,0.014809041309431059,-0.03273577552611062,0.003117692907248726,0.003117692907248726,0.014809041309431059,-0.03273577552611062,0.0,2026-08-20T07:01:00+00:00,inferred_from_endpoint_policy,passed,raw_ohlc; cumulative_returns_use_ohlc_times_adj_factor
formal:2026-08-19:601609.SH:selected,2026-08-19,2026-08-20,2026-08-20T09:05:00+08:00,601609.SH,金田股份,2026-08-21,2,False,available,12.86,13.46,12.78,13.23,12.87,2.7972,106105775.0,1401406868.0,1.1003,12.83,14.116849,0.002338269680436378,0.049103663289166155,-0.0038971161340608518,0.03117692907248637,0.03117692907248637,0.049103663289166155,-0.03273577552611062,0.0,2026-08-21T07:01:00+00:00,inferred_from_endpoint_policy,passed,raw_ohlc; cumulative_returns_use_ohlc_times_adj_factor
formal:2026-08-19:601609.SH:selected,2026-08-19,2026-08-20,2026-08-20T09:05:00+08:00,601609.SH,金田股份,2026-08-24,3,False,available,13.1,13.49,13.01,13.38,13.23,1.1338,95827177.0,1271106722.0,1.1003,12.83,14.116849,0.02104442712392829,0.05144193296960253,0.014029618082618933,0.042868277474668925,0.042868277474668925,0.05144193296960253,-0.03273577552611062,0.0,2026-08-24T07:01:00+00:00,inferred_from_endpoint_policy,passed,raw_ohlc; cumulative_returns_use_ohlc_times_adj_factor
formal:2026-08-19:601609.SH:selected,2026-08-19,2026-08-20,2026-08-20T09:05:00+08:00,601609.SH,金田股份,2026-08-25,4,False,available,13.12,13.55,13.1,13.46,13.38,0.5979,73225650.0,978161080.0,1.1003,12.83,14.116849,0.02260327357755254,0.05611847233047551,0.02104442712392829,0.049103663289166155,0.049103663289166155,0.05611847233047551,-0.03273577552611062,0.0,2026-08-25T07:01:00+00:00,inferred_from_endpoint_policy,passed,raw_ohlc; cumulative_returns_use_ohlc_times_adj_factor
formal:2026-08-19:601609.SH:selected,2026-08-19,2026-08-20,2026-08-20T09:05:00+08:00,601609.SH,金田股份,2026-08-26,5,False,available,13.46,13.64,13.17,13.17,13.46,-2.1545,58244290.0,777599360.0,1.1003,12.83,14.116849,0.049103663289166155,0.06313328137178487,0.026500389711613392,0.026500389711613392,0.049103663289166155,0.06313328137178487,-0.03273577552611062,-0.02154531946508187,2026-08-26T07:01:00+00:00,inferred_from_endpoint_policy,passed,raw_ohlc; cumulative_returns_use_ohlc_times_adj_factor
formal:2026-08-19:601609.SH:selected,2026-08-19,2026-08-20,2026-08-20T09:05:00+08:00,601609.SH,金田股份,2026-08-27,6,False,available,13.17,13.63,13.02,13.35,13.17,1.3667,66568292.00000001,884540012.0,1.1003,12.83,14.116849,0.026500389711613392,0.06235385814497274,0.014809041309431059,0.040530007794232326,0.049103663289166155,0.06313328137178487,-0.03273577552611062,-0.008172362555720736,2026-08-27T07:01:00+00:00,inferred_from_endpoint_policy,passed,raw_ohlc; cumulative_returns_use_ohlc_times_adj_factor
formal:2026-08-19:601609.SH:selected,2026-08-19,2026-08-20,2026-08-20T09:05:00+08:00,601609.SH,金田股份,2026-08-28,7,False,available,13.3,13.34,12.92,12.98,13.35,-2.7715,45706286.0,597568658.0,1.1003,12.83,14.116849,0.036632891660171474,0.0397505845674202,0.007014809041309578,0.011691348402182555,0.049103663289166155,0.06313328137178487,-0.03273577552611062,-0.03566121842496284,2026-08-28T07:01:00+00:00,inferred_from_endpoint_policy,passed,raw_ohlc; cumulative_returns_use_ohlc_times_adj_factor
formal:2026-08-19:601609.SH:selected,2026-08-19,2026-08-20,2026-08-20T09:05:00+08:00,601609.SH,金田股份,2026-08-31,8,False,available,12.63,13.54,12.56,13.49,12.98,3.9291,57491760.0,753175705.0,1.1003,12.83,14.116849,-0.015588464536243074,0.05533904910366316,-0.021044427123928178,0.05144193296960253,0.05144193296960253,0.06313328137178487,-0.03273577552611062,0.0,2026-08-31T07:01:00+00:00,inferred_from_endpoint_policy,passed,raw_ohlc; cumulative_returns_use_ohlc_times_adj_factor
formal:2026-08-19:600408.SH:selected,2026-08-19,2026-08-20,2026-08-20T09:05:00+08:00,600408.SH,安泰集团,2026-08-20,1,True,available,2.85,2.96,2.77,2.81,3.08,-8.7662,147495251.0,418024637.0,4.214,2.85,12.009900000000002,0.0,0.03859649122807007,-0.02807017543859658,-0.01403508771929829,-0.01403508771929829,0.03859649122807007,-0.02807017543859658,0.0,2026-08-20T07:01:00+00:00,inferred_from_endpoint_policy,passed,raw_ohlc; cumulative_returns_use_ohlc_times_adj_factor
formal:2026-08-19:600408.SH:selected,2026-08-19,2026-08-20,2026-08-20T09:05:00+08:00,600408.SH,安泰集团,2026-08-21,2,False,available,2.72,2.87,2.7,2.87,2.81,2.1352,96098620.0,269382619.0,4.214,2.85,12.009900000000002,-0.04561403508771922,0.007017543859649145,-0.05263157894736836,0.007017543859649145,0.007017543859649145,0.03859649122807007,-0.05263157894736836,0.0,2026-08-21T07:01:00+00:00,inferred_from_endpoint_policy,passed,raw_ohlc; cumulative_returns_use_ohlc_times_adj_factor
formal:2026-08-19:600408.SH:selected,2026-08-19,2026-08-20,2026-08-20T09:05:00+08:00,600408.SH,安泰集团,2026-08-24,3,False,available,2.87,2.95,2.81,2.86,2.87,-0.3484,73968600.0,211322982.0,4.214,2.85,12.009900000000002,0.007017543859649145,0.03508771929824572,-0.01403508771929829,0.0035087719298243503,0.007017543859649145,0.03859649122807007,-0.05263157894736836,-0.0034843205574914826,2026-08-24T07:01:00+00:00,inferred_from_endpoint_policy,passed,raw_ohlc; cumulative_returns_use_ohlc_times_adj_factor
formal:2026-08-19:600408.SH:selected,2026-08-19,2026-08-20,2026-08-20T09:05:00+08:00,600408.SH,安泰集团,2026-08-25,4,False,available,2.85,2.98,2.82,2.95,2.86,3.1469,84283001.0,246053874.0,4.214,2.85,12.009900000000002,0.0,0.04561403508771922,-0.010526315789473828,0.03508771929824572,0.03508771929824572,0.04561403508771922,-0.05263157894736836,0.0,2026-08-25T07:01:00+00:00,inferred_from_endpoint_policy,passed,raw_ohlc; cumulative_returns_use_ohlc_times_adj_factor
formal:2026-08-19:600408.SH:selected,2026-08-19,2026-08-20,2026-08-20T09:05:00+08:00,600408.SH,安泰集团,2026-08-26,5,False,available,2.92,3.0,2.88,2.96,2.95,0.339,58081419.99999999,171905316.0,4.214,2.85,12.009900000000002,0.024561403508771784,0.05263157894736836,0.010526315789473717,0.03859649122807007,0.03859649122807007,0.05263157894736836,-0.05263157894736836,0.0,2026-08-26T07:01:00+00:00,inferred_from_endpoint_policy,passed,raw_ohlc; cumulative_returns_use_ohlc_times_adj_factor
formal:2026-08-19:600408.SH:selected,2026-08-19,2026-08-20,2026-08-20T09:05:00+08:00,600408.SH,安泰集团,2026-08-27,6,False,available,2.95,3.06,2.93,3.04,2.96,2.7027,61595202.0,186029333.0,4.214,2.85,12.009900000000002,0.03508771929824572,0.0736842105263158,0.02807017543859658,0.06666666666666665,0.06666666666666665,0.0736842105263158,-0.05263157894736836,0.0,2026-08-27T07:01:00+00:00,inferred_from_endpoint_policy,passed,raw_ohlc; cumulative_returns_use_ohlc_times_adj_factor
formal:2026-08-19:600408.SH:selected,2026-08-19,2026-08-20,2026-08-20T09:05:00+08:00,600408.SH,安泰集团,2026-08-28,7,False,available,3.06,3.12,3.02,3.09,3.04,1.6447,52260100.0,161172579.0,4.214,2.85,12.009900000000002,0.0736842105263158,0.09473684210526301,0.05964912280701751,0.08421052631578929,0.08421052631578929,0.09473684210526301,-0.05263157894736836,0.0,2026-08-28T07:01:00+00:00,inferred_from_endpoint_policy,passed,raw_ohlc; cumulative_returns_use_ohlc_times_adj_factor
formal:2026-08-19:600408.SH:selected,2026-08-19,2026-08-20,2026-08-20T09:05:00+08:00,600408.SH,安泰集团,2026-08-31,8,False,available,3.12,3.14,3.06,3.1,3.09,0.3236,54848102.0,170310185.0,4.214,2.85,12.009900000000002,0.09473684210526301,0.10175438596491237,0.0736842105263158,0.08771929824561409,0.08771929824561409,0.10175438596491237,-0.05263157894736836,0.0,2026-08-31T07:01:00+00:00,inferred_from_endpoint_policy,passed,raw_ohlc; cumulative_returns_use_ohlc_times_adj_factor
formal:2026-08-19:002508.SZ:selected,2026-08-19,2026-08-20,2026-08-20T09:05:00+08:00,002508.SZ,老板电器,2026-08-20,1,True,available,16.43,16.55,16.07,16.34,16.43,-0.5478,10899475.0,177705727.4,8.2167,16.43,135.00038099999998,0.0,0.0073037127206330155,-0.021911138161898935,-0.005477784540474651,-0.005477784540474651,0.0073037127206330155,-0.021911138161898935,0.0,2026-08-20T07:01:00+00:00,inferred_from_endpoint_policy,passed,raw_ohlc; cumulative_returns_use_ohlc_times_adj_factor
formal:2026-08-19:002508.SZ:selected,2026-08-19,2026-08-20,2026-08-20T09:05:00+08:00,002508.SZ,老板电器,2026-08-21,2,False,available,16.3,16.33,16.03,16.18,16.34,-0.9792,6097365.0,98505372.31,8.2167,16.43,135.00038099999998,-0.007912355447352248,-0.0060864272671942166,-0.02434570906877631,-0.015216068167985264,-0.005477784540474651,0.0073037127206330155,-0.02434570906877631,-0.009791921664626613,2026-08-21T07:01:00+00:00,inferred_from_endpoint_policy,passed,raw_ohlc; cumulative_returns_use_ohlc_times_adj_factor
formal:2026-08-19:002508.SZ:selected,2026-08-19,2026-08-20,2026-08-20T09:05:00+08:00,002508.SZ,老板电器,2026-08-24,3,False,available,16.15,16.65,16.08,16.57,16.18,2.4104,13132867.000000002,216980526.82,8.2167,16.43,135.00038099999998,-0.01704199634814374,0.013390139987827121,-0.02130249543517959,0.008520998174071925,0.008520998174071925,0.013390139987827121,-0.02434570906877631,0.0,2026-08-24T07:01:00+00:00,inferred_from_endpoint_policy,passed,raw_ohlc; cumulative_returns_use_ohlc_times_adj_factor
formal:2026-08-19:002508.SZ:selected,2026-08-19,2026-08-20,2026-08-20T09:05:00+08:00,002508.SZ,老板电器,2026-08-25,4,False,available,16.43,16.72,16.43,16.56,16.57,-0.0604,6914208.0,114733558.04,8.2167,16.43,135.00038099999998,0.0,0.017650639074863195,0.0,0.00791235544735236,0.008520998174071925,0.017650639074863195,-0.02434570906877631,-0.0006035003017502705,2026-08-25T07:01:00+00:00,inferred_from_endpoint_policy,passed,raw_ohlc; cumulative_returns_use_ohlc_times_adj_factor
formal:2026-08-19:002508.SZ:selected,2026-08-19,2026-08-20,2026-08-20T09:05:00+08:00,002508.SZ,老板电器,2026-08-26,5,False,available,16.51,16.72,16.45,16.5,16.56,-0.3623,5024016.0,83444225.34,8.2167,16.43,135.00038099999998,0.004869141813755418,0.017650639074863195,0.00121728545343891,0.004260499087036074,0.008520998174071925,0.017650639074863195,-0.02434570906877631,-0.004224502112251005,2026-08-26T07:01:00+00:00,inferred_from_endpoint_policy,passed,raw_ohlc; cumulative_returns_use_ohlc_times_adj_factor
formal:2026-08-19:002508.SZ:selected,2026-08-19,2026-08-20,2026-08-20T09:05:00+08:00,002508.SZ,老板电器,2026-08-27,6,False,available,16.43,16.51,16.22,16.3,16.5,-1.2121,7784360.000000001,126993417.28,8.2167,16.43,135.00038099999998,0.0,0.004869141813755418,-0.012781497261107666,-0.007912355447352248,0.008520998174071925,0.017650639074863195,-0.02434570906877631,-0.016294508147253972,2026-08-27T07:01:00+00:00,inferred_from_endpoint_policy,passed,raw_ohlc; cumulative_returns_use_ohlc_times_adj_factor
formal:2026-08-19:002508.SZ:selected,2026-08-19,2026-08-20,2026-08-20T09:05:00+08:00,002508.SZ,老板电器,2026-08-28,7,False,available,16.27,16.38,15.86,16.06,16.3,-1.4724,10621500.0,170268410.69,8.2167,16.43,135.00038099999998,-0.009738283627510613,-0.0030432136335970528,-0.0346926354230066,-0.02251978088861839,0.008520998174071925,0.017650639074863195,-0.0346926354230066,-0.0307785153892578,2026-08-28T07:01:00+00:00,inferred_from_endpoint_policy,passed,raw_ohlc; cumulative_returns_use_ohlc_times_adj_factor
formal:2026-08-19:002508.SZ:selected,2026-08-19,2026-08-20,2026-08-20T09:05:00+08:00,002508.SZ,老板电器,2026-08-31,8,False,available,16.12,16.36,15.88,15.9,16.06,-0.9963,10604577.0,170373832.66,8.2167,16.43,135.00038099999998,-0.01886792452830166,-0.004260499087035852,-0.03347534996956758,-0.03225806451612878,0.008520998174071925,0.017650639074863195,-0.0346926354230066,-0.040434520217259906,2026-08-31T07:01:00+00:00,inferred_from_endpoint_policy,passed,raw_ohlc; cumulative_returns_use_ohlc_times_adj_factor
formal:2026-08-20:600601.SH:selected,2026-08-20,2026-08-21,2026-08-21T09:10:00+08:00,600601.SH,方正科技,2026-08-21,1,True,available,12.25,12.68,12.01,12.46,12.32,1.1364,144133187.0,1789444728.0,6471.278,12.25,79273.15550000001,0.0,0.03510204081632651,-0.019591836734694,0.017142857142857126,0.017142857142857126,0.03510204081632651,-0.019591836734694,0.0,2026-08-21T07:01:00+00:00,inferred_from_endpoint_policy,passed,raw_ohlc; cumulative_returns_use_ohlc_times_adj_factor
formal:2026-08-20:600601.SH:selected,2026-08-20,2026-08-21,2026-08-21T09:10:00+08:00,600601.SH,方正科技,2026-08-24,2,False,available,12.45,12.45,11.21,11.54,12.46,-7.3836,210266942.0,2454648558.0,6471.278,12.25,79273.15550000001,0.01632653061224487,0.01632653061224487,-0.08489795918367349,-0.05795918367346953,0.017142857142857126,0.03510204081632651,-0.08489795918367349,-0.07383627608346721,2026-08-24T07:01:00+00:00,inferred_from_endpoint_policy,passed,raw_ohlc; cumulative_returns_use_ohlc_times_adj_factor
formal:2026-08-20:600601.SH:selected,2026-08-20,2026-08-21,2026-08-21T09:10:00+08:00,600601.SH,方正科技,2026-08-25,3,False,available,11.27,11.76,11.08,11.55,11.54,0.0867,126654202.0,1447712512.0,6471.278,12.25,79273.15550000001,-0.08000000000000007,-0.04000000000000015,-0.09551020408163269,-0.05714285714285716,0.017142857142857126,0.03510204081632651,-0.09551020408163269,-0.0730337078651685,2026-08-25T07:01:00+00:00,inferred_from_endpoint_policy,passed,raw_ohlc; cumulative_returns_use_ohlc_times_adj_factor
formal:2026-08-20:600601.SH:selected,2026-08-20,2026-08-21,2026-08-21T09:10:00+08:00,600601.SH,方正科技,2026-08-26,4,False,available,11.58,11.86,11.26,11.6,11.55,0.4329,110167164.99999999,1275104077.0,6471.278,12.25,79273.15550000001,-0.05469387755102051,-0.0318367346938776,-0.08081632653061233,-0.053061224489796,0.017142857142857126,0.03510204081632651,-0.09551020408163269,-0.0690208667736758,2026-08-26T07:01:00+00:00,inferred_from_endpoint_policy,passed,raw_ohlc; cumulative_returns_use_ohlc_times_adj_factor
formal:2026-08-20:600601.SH:selected,2026-08-20,2026-08-21,2026-08-21T09:10:00+08:00,600601.SH,方正科技,2026-08-27,5,False,available,11.74,12.59,11.7,12.43,11.6,7.1552,181643217.0,2225031777.0,6471.278,12.25,79273.15550000001,-0.041632653061224434,0.027755102040816215,-0.044897959183673564,0.01469387755102014,0.017142857142857126,0.03510204081632651,-0.09551020408163269,-0.0024077046548959258,2026-08-27T07:01:00+00:00,inferred_from_endpoint_policy,passed,raw_ohlc; cumulative_returns_use_ohlc_times_adj_factor
formal:2026-08-20:600601.SH:selected,2026-08-20,2026-08-21,2026-08-21T09:10:00+08:00,600601.SH,方正科技,2026-08-28,6,False,available,12.32,12.98,12.23,12.33,12.43,-0.8045,157788759.0,1990310291.0,6471.278,12.25,79273.15550000001,0.005714285714285783,0.059591836734693926,-0.0016326530612245094,0.0065306122448980375,0.017142857142857126,0.059591836734693926,-0.09551020408163269,-0.010433386837881087,2026-08-28T07:01:00+00:00,inferred_from_endpoint_policy,passed,raw_ohlc; cumulative_returns_use_ohlc_times_adj_factor
formal:2026-08-20:600601.SH:selected,2026-08-20,2026-08-21,2026-08-21T09:10:00+08:00,600601.SH,方正科技,2026-08-31,7,False,available,12.09,12.84,12.07,12.79,12.33,3.7307,147643410.0,1844432819.0,6471.278,12.25,79273.15550000001,-0.013061224489796075,0.04816326530612236,-0.014693877551020362,0.04408163265306109,0.04408163265306109,0.059591836734693926,-0.09551020408163269,0.0,2026-08-31T07:01:00+00:00,inferred_from_endpoint_policy,passed,raw_ohlc; cumulative_returns_use_ohlc_times_adj_factor
formal:2026-08-20:603993.SH:selected,2026-08-20,2026-08-21,2026-08-21T09:10:00+08:00,603993.SH,洛阳钼业,2026-08-21,1,True,available,18.39,18.73,18.19,18.62,18.27,1.9157,175804884.0,3255228804.0,3.7371,18.39,68.725269,0.0,0.018488308863512604,-0.010875475802066159,0.012506797172376238,0.012506797172376238,0.018488308863512604,-0.010875475802066159,0.0,2026-08-21T07:01:00+00:00,inferred_from_endpoint_policy,passed,raw_ohlc; cumulative_returns_use_ohlc_times_adj_factor
formal:2026-08-20:603993.SH:selected,2026-08-20,2026-08-21,2026-08-21T09:10:00+08:00,603993.SH,洛阳钼业,2026-08-24,2,False,available,19.0,19.35,18.72,18.99,18.62,1.9871,300106849.0,5725236368.0,3.7371,18.39,68.725269,0.03317020119630221,0.05220228384991854,0.01794453507340954,0.03262642740619892,0.03262642740619892,0.05220228384991854,-0.010875475802066159,0.0,2026-08-24T07:01:00+00:00,inferred_from_endpoint_policy,passed,raw_ohlc; cumulative_returns_use_ohlc_times_adj_factor
formal:2026-08-20:603993.SH:selected,2026-08-20,2026-08-21,2026-08-21T09:10:00+08:00,603993.SH,洛阳钼业,2026-08-25,3,False,available,18.8,18.94,18.18,18.42,18.99,-3.0016,186333865.0,3440586915.0,3.7371,18.39,68.725269,0.022294725394236048,0.029907558455682492,-0.011419249592169667,0.0016313213703100793,0.03262642740619892,0.05220228384991854,-0.011419249592169667,-0.03001579778830943,2026-08-25T07:01:00+00:00,inferred_from_endpoint_policy,passed,raw_ohlc; cumulative_returns_use_ohlc_times_adj_factor
formal:2026-08-20:603993.SH:selected,2026-08-20,2026-08-21,2026-08-21T09:10:00+08:00,603993.SH,洛阳钼业,2026-08-26,4,False,available,18.56,19.99,18.56,19.59,18.42,6.3518,466911944.00000006,9082612405.0,3.7371,18.39,68.725269,0.009244154431756302,0.08700380641653083,0.009244154431756302,0.06525285481239806,0.06525285481239806,0.08700380641653083,-0.011419249592169667,0.0,2026-08-26T07:01:00+00:00,inferred_from_endpoint_policy,passed,raw_ohlc; cumulative_returns_use_ohlc_times_adj_factor
formal:2026-08-20:603993.SH:selected,2026-08-20,2026-08-21,2026-08-21T09:10:00+08:00,603993.SH,洛阳钼业,2026-08-27,5,False,available,19.23,19.63,19.15,19.51,19.59,-0.4084,258420874.00000003,5003965615.0,3.7371,18.39,68.725269,0.04567699836867867,0.06742794997281121,0.04132680804785194,0.060902664491571556,0.06525285481239806,0.08700380641653083,-0.011419249592169667,-0.0040837161817253165,2026-08-27T07:01:00+00:00,inferred_from_endpoint_policy,passed,raw_ohlc; cumulative_returns_use_ohlc_times_adj_factor
formal:2026-08-20:603993.SH:selected,2026-08-20,2026-08-21,2026-08-21T09:10:00+08:00,603993.SH,洛阳钼业,2026-08-28,6,False,available,19.5,19.73,19.11,19.51,19.51,0.0,186902155.0,3629095914.0,3.7371,18.39,68.725269,0.06035889070146805,0.07286568787384451,0.039151712887438794,0.060902664491571556,0.06525285481239806,0.08700380641653083,-0.011419249592169667,-0.0040837161817253165,2026-08-28T07:01:00+00:00,inferred_from_endpoint_policy,passed,raw_ohlc; cumulative_returns_use_ohlc_times_adj_factor
formal:2026-08-20:603993.SH:selected,2026-08-20,2026-08-21,2026-08-21T09:10:00+08:00,603993.SH,洛阳钼业,2026-08-31,7,False,available,18.88,19.1,18.45,19.06,19.51,-2.3065,199380295.0,3746587199.0,3.7371,18.39,68.725269,0.026644915715062334,0.03860793909733573,0.0032626427406199365,0.036432843936922144,0.06525285481239806,0.08700380641653083,-0.011419249592169667,-0.027054619703930638,2026-08-31T07:01:00+00:00,inferred_from_endpoint_policy,passed,raw_ohlc; cumulative_returns_use_ohlc_times_adj_factor
formal:2026-08-20:603969.SH:selected,2026-08-20,2026-08-21,2026-08-21T09:10:00+08:00,603969.SH,银龙股份,2026-08-21,1,True,available,7.19,7.47,7.16,7.3,7.23,0.9682,19522674.0,143464080.0,4.8099,7.19,34.583181,0.0,0.03894297635604982,-0.00417246175243402,0.015299026425590778,0.015299026425590778,0.03894297635604982,-0.00417246175243402,0.0,2026-08-21T07:01:00+00:00,inferred_from_endpoint_policy,passed,raw_ohlc; cumulative_returns_use_ohlc_times_adj_factor
formal:2026-08-20:603969.SH:selected,2026-08-20,2026-08-21,2026-08-21T09:10:00+08:00,603969.SH,银龙股份,2026-08-24,2,False,available,7.32,7.34,7.08,7.1,7.3,-2.7397,17885769.0,128132979.0,4.8099,7.19,34.583181,0.018080667593880495,0.020862308762169546,-0.015299026425591222,-0.01251738525730195,0.015299026425590778,0.03894297635604982,-0.015299026425591222,-0.02739726027397249,2026-08-24T07:01:00+00:00,inferred_from_endpoint_policy,passed,raw_ohlc; cumulative_returns_use_ohlc_times_adj_factor
formal:2026-08-20:603969.SH:selected,2026-08-20,2026-08-21,2026-08-21T09:10:00+08:00,603969.SH,银龙股份,2026-08-25,3,False,available,7.06,7.59,7.05,7.37,7.1,3.8028,33300994.0,245429035.0,4.8099,7.19,34.583181,-0.018080667593880606,0.05563282336578568,-0.019471488178025242,0.025034770514603455,0.025034770514603455,0.05563282336578568,-0.019471488178025242,0.0,2026-08-25T07:01:00+00:00,inferred_from_endpoint_policy,passed,raw_ohlc; cumulative_returns_use_ohlc_times_adj_factor
formal:2026-08-20:603969.SH:selected,2026-08-20,2026-08-21,2026-08-21T09:10:00+08:00,603969.SH,银龙股份,2026-08-26,4,False,available,7.42,7.68,7.34,7.6,7.37,3.1208,24766117.0,186001269.0,4.8099,7.19,34.583181,0.03198887343532686,0.0681502086230874,0.020862308762169546,0.057023643949930314,0.057023643949930314,0.0681502086230874,-0.019471488178025242,0.0,2026-08-26T07:01:00+00:00,inferred_from_endpoint_policy,passed,raw_ohlc; cumulative_returns_use_ohlc_times_adj_factor
formal:2026-08-20:603969.SH:selected,2026-08-20,2026-08-21,2026-08-21T09:10:00+08:00,603969.SH,银龙股份,2026-08-27,5,False,available,7.59,7.62,7.51,7.57,7.6,-0.3947,13625298.000000002,103075525.0,4.8099,7.19,34.583181,0.05563282336578568,0.05980528511821959,0.044506258692628586,0.052851182197496405,0.057023643949930314,0.0681502086230874,-0.019471488178025242,-0.003947368421052588,2026-08-27T07:01:00+00:00,inferred_from_endpoint_policy,passed,raw_ohlc; cumulative_returns_use_ohlc_times_adj_factor
formal:2026-08-20:603969.SH:selected,2026-08-20,2026-08-21,2026-08-21T09:10:00+08:00,603969.SH,银龙股份,2026-08-28,6,False,available,7.68,7.82,7.54,7.71,7.57,1.8494,17103465.0,132072013.0,4.8099,7.19,34.583181,0.0681502086230874,0.08762169680111254,0.048678720445062496,0.07232267037552131,0.07232267037552131,0.08762169680111254,-0.019471488178025242,0.0,2026-08-28T07:01:00+00:00,inferred_from_endpoint_policy,passed,raw_ohlc; cumulative_returns_use_ohlc_times_adj_factor
formal:2026-08-20:603969.SH:selected,2026-08-20,2026-08-21,2026-08-21T09:10:00+08:00,603969.SH,银龙股份,2026-08-31,7,False,available,7.73,7.79,7.66,7.76,7.71,0.6485,10600495.0,81963890.0,4.8099,7.19,34.583181,0.07510431154381059,0.08344923504867863,0.06536856745479835,0.07927677329624472,0.07927677329624472,0.08762169680111254,-0.019471488178025242,0.0,2026-08-31T07:01:00+00:00,inferred_from_endpoint_policy,passed,raw_ohlc; cumulative_returns_use_ohlc_times_adj_factor
formal:2026-08-20:600737.SH:selected,2026-08-20,2026-08-21,2026-08-21T09:10:00+08:00,600737.SH,中粮糖业,2026-08-21,1,True,available,15.41,15.5,14.43,14.56,15.85,-8.1388,102973376.0,1517422100.0,14.4805,15.41,223.14450499999998,0.0,0.005840363400389403,-0.06359506813757299,-0.05515898767034377,-0.05515898767034377,0.005840363400389403,-0.06359506813757299,0.0,2026-08-21T07:01:00+00:00,inferred_from_endpoint_policy,passed,raw_ohlc; cumulative_returns_use_ohlc_times_adj_factor
formal:2026-08-20:600737.SH:selected,2026-08-20,2026-08-21,2026-08-21T09:10:00+08:00,600737.SH,中粮糖业,2026-08-24,2,False,available,14.77,15.22,14.38,14.54,14.56,-0.1374,77068612.0,1141894021.0,14.4805,15.41,223.14450499999998,-0.04153147306943539,-0.012329656067488481,-0.06683971447112258,-0.05645684620376379,-0.05515898767034377,0.005840363400389403,-0.06683971447112258,-0.0013736263736265908,2026-08-24T07:01:00+00:00,inferred_from_endpoint_policy,passed,raw_ohlc; cumulative_returns_use_ohlc_times_adj_factor
formal:2026-08-20:600737.SH:selected,2026-08-20,2026-08-21,2026-08-21T09:10:00+08:00,600737.SH,中粮糖业,2026-08-25,3,False,available,14.21,15.4,14.21,14.74,14.54,1.3755,84240377.0,1257727802.0,14.4805,15.41,223.14450499999998,-0.07787151200519127,-0.0006489292667098967,-0.07787151200519127,-0.04347826086956519,-0.04347826086956519,0.005840363400389403,-0.07787151200519127,0.0,2026-08-25T07:01:00+00:00,inferred_from_endpoint_policy,passed,raw_ohlc; cumulative_returns_use_ohlc_times_adj_factor
formal:2026-08-20:600737.SH:selected,2026-08-20,2026-08-21,2026-08-21T09:10:00+08:00,600737.SH,中粮糖业,2026-08-26,4,False,available,14.29,14.8,14.29,14.55,14.74,-1.289,60568818.99999999,883543488.0,14.4805,15.41,223.14450499999998,-0.0726800778715121,-0.039584685269305586,-0.0726800778715121,-0.05580791693705378,-0.04347826086956519,0.005840363400389403,-0.07787151200519127,-0.012890094979647215,2026-08-26T07:01:00+00:00,inferred_from_endpoint_policy,passed,raw_ohlc; cumulative_returns_use_ohlc_times_adj_factor
formal:2026-08-20:600737.SH:selected,2026-08-20,2026-08-21,2026-08-21T09:10:00+08:00,600737.SH,中粮糖业,2026-08-27,5,False,available,14.8,15.75,14.77,15.33,14.55,5.3608,98247632.0,1488675586.0,14.4805,15.41,223.14450499999998,-0.039584685269305586,0.022063595068137598,-0.04153147306943539,-0.005191434133679396,-0.005191434133679396,0.022063595068137598,-0.07787151200519127,0.0,2026-08-27T07:01:00+00:00,inferred_from_endpoint_policy,passed,raw_ohlc; cumulative_returns_use_ohlc_times_adj_factor
formal:2026-08-20:600737.SH:selected,2026-08-20,2026-08-21,2026-08-21T09:10:00+08:00,600737.SH,中粮糖业,2026-08-28,6,False,available,16.09,16.5,15.86,16.03,15.33,4.5662,112848771.0,1825970002.0,14.4805,15.41,223.14450499999998,0.044127190136275196,0.07073329007138218,0.029201817001946795,0.040233614536015816,0.040233614536015816,0.07073329007138218,-0.07787151200519127,0.0,2026-08-28T07:01:00+00:00,inferred_from_endpoint_policy,passed,raw_ohlc; cumulative_returns_use_ohlc_times_adj_factor
formal:2026-08-20:600737.SH:selected,2026-08-20,2026-08-21,2026-08-21T09:10:00+08:00,600737.SH,中粮糖业,2026-08-31,7,False,available,16.03,16.03,14.81,15.04,16.03,-6.1759,109128847.0,1673202820.0,14.4805,15.41,223.14450499999998,0.040233614536015816,0.040233614536015816,-0.03893575600259569,-0.0240103828682674,0.040233614536015816,0.07073329007138218,-0.07787151200519127,-0.06175920149719305,2026-08-31T07:01:00+00:00,inferred_from_endpoint_policy,passed,raw_ohlc; cumulative_returns_use_ohlc_times_adj_factor
formal:2026-08-21:600583.SH:selected,2026-08-21,2026-08-24,2026-08-23T09:05:02+08:00,600583.SH,海油工程,2026-08-24,1,True,available,6.0,6.12,5.89,6.1,6.12,-0.3268,43340500.0,262486718.0,23.1424,6.0,138.8544,0.0,0.020000000000000018,-0.018333333333333424,0.016666666666666607,0.016666666666666607,0.020000000000000018,-0.018333333333333424,0.0,2026-08-24T07:01:00+00:00,inferred_from_endpoint_policy,passed,raw_ohlc; cumulative_returns_use_ohlc_times_adj_factor
formal:2026-08-21:600583.SH:selected,2026-08-21,2026-08-24,2026-08-23T09:05:02+08:00,600583.SH,海油工程,2026-08-25,2,False,available,6.07,6.15,6.01,6.06,6.1,-0.6557,26492706.0,161007621.0,23.1424,6.0,138.8544,0.011666666666666714,0.025000000000000133,0.0016666666666664831,0.010000000000000009,0.016666666666666607,0.025000000000000133,-0.018333333333333424,-0.006557377049180246,2026-08-25T07:01:00+00:00,inferred_from_endpoint_policy,passed,raw_ohlc; cumulative_returns_use_ohlc_times_adj_factor
formal:2026-08-21:600583.SH:selected,2026-08-21,2026-08-24,2026-08-23T09:05:02+08:00,600583.SH,海油工程,2026-08-26,3,False,available,5.95,6.04,5.92,6.0,6.06,-0.9901,33246208.0,199422207.0,23.1424,6.0,138.8544,-0.008333333333333304,0.006666666666666599,-0.013333333333333308,0.0,0.016666666666666607,0.025000000000000133,-0.018333333333333424,-0.016393442622950727,2026-08-26T07:01:00+00:00,inferred_from_endpoint_policy,passed,raw_ohlc; cumulative_returns_use_ohlc_times_adj_factor
formal:2026-08-21:600583.SH:selected,2026-08-21,2026-08-24,2026-08-23T09:05:02+08:00,600583.SH,海油工程,2026-08-27,4,False,available,5.99,6.14,5.96,6.11,6.0,1.8333,30726440.999999996,186192105.0,23.1424,6.0,138.8544,-0.0016666666666667052,0.023333333333333206,-0.006666666666666821,0.018333333333333313,0.018333333333333313,0.025000000000000133,-0.018333333333333424,0.0,2026-08-27T07:01:00+00:00,inferred_from_endpoint_policy,passed,raw_ohlc; cumulative_returns_use_ohlc_times_adj_factor
formal:2026-08-21:600583.SH:selected,2026-08-21,2026-08-24,2026-08-23T09:05:02+08:00,600583.SH,海油工程,2026-08-28,5,False,available,6.1,6.19,6.06,6.15,6.11,0.6547,27326284.999999996,167828428.0,23.1424,6.0,138.8544,0.016666666666666607,0.03166666666666651,0.010000000000000009,0.025000000000000133,0.025000000000000133,0.03166666666666651,-0.018333333333333424,0.0,2026-08-28T07:01:00+00:00,inferred_from_endpoint_policy,passed,raw_ohlc; cumulative_returns_use_ohlc_times_adj_factor
formal:2026-08-21:600583.SH:selected,2026-08-21,2026-08-24,2026-08-23T09:05:02+08:00,600583.SH,海油工程,2026-08-31,6,False,available,6.2,6.22,6.11,6.16,6.15,0.1626,33071400.0,203947054.0,23.1424,6.0,138.8544,0.033333333333333215,0.0366666666666664,0.018333333333333313,0.026666666666666616,0.026666666666666616,0.0366666666666664,-0.018333333333333424,0.0,2026-08-31T07:01:00+00:00,inferred_from_endpoint_policy,passed,raw_ohlc; cumulative_returns_use_ohlc_times_adj_factor
formal:2026-08-21:600980.SH:selected,2026-08-21,2026-08-24,2026-08-23T09:05:02+08:00,600980.SH,北矿科技,2026-08-24,1,True,available,20.09,20.29,19.68,19.93,20.02,-0.4496,2912492.0,57991587.0,1.8369,20.09,36.903321,0.0,0.009955201592832141,-0.020408163265306145,-0.007964161274265691,-0.007964161274265691,0.009955201592832141,-0.020408163265306145,0.0,2026-08-24T07:01:00+00:00,inferred_from_endpoint_policy,passed,raw_ohlc; cumulative_returns_use_ohlc_times_adj_factor
formal:2026-08-21:600980.SH:selected,2026-08-21,2026-08-24,2026-08-23T09:05:02+08:00,600980.SH,北矿科技,2026-08-25,2,False,available,19.69,20.17,19.6,19.86,19.93,-0.3512,2145692.0,42533343.0,1.8369,20.09,36.903321,-0.019910403185664394,0.003982080637133123,-0.024390243902438824,-0.011448481831756951,-0.007964161274265691,0.009955201592832141,-0.024390243902438824,-0.00351229302558953,2026-08-25T07:01:00+00:00,inferred_from_endpoint_policy,passed,raw_ohlc; cumulative_returns_use_ohlc_times_adj_factor
formal:2026-08-21:600980.SH:selected,2026-08-21,2026-08-24,2026-08-23T09:05:02+08:00,600980.SH,北矿科技,2026-08-26,3,False,available,19.82,20.08,19.75,19.75,19.86,-0.5539,2049541.9999999998,40751588.0,1.8369,20.09,36.903321,-0.013439522150323402,-0.0004977600796416404,-0.016923842707814885,-0.016923842707814885,-0.007964161274265691,0.009955201592832141,-0.024390243902438824,-0.009031610637230458,2026-08-26T07:01:00+00:00,inferred_from_endpoint_policy,passed,raw_ohlc; cumulative_returns_use_ohlc_times_adj_factor
formal:2026-08-21:600980.SH:selected,2026-08-21,2026-08-24,2026-08-23T09:05:02+08:00,600980.SH,北矿科技,2026-08-27,4,False,available,19.68,20.46,19.62,20.33,19.75,2.9367,3121100.0,62821956.0,1.8369,20.09,36.903321,-0.020408163265306145,0.018417122946739806,-0.023394723743155765,0.011946241911398703,0.011946241911398703,0.018417122946739806,-0.024390243902438824,0.0,2026-08-27T07:01:00+00:00,inferred_from_endpoint_policy,passed,raw_ohlc; cumulative_returns_use_ohlc_times_adj_factor
formal:2026-08-21:600980.SH:selected,2026-08-21,2026-08-24,2026-08-23T09:05:02+08:00,600980.SH,北矿科技,2026-08-28,5,False,available,20.47,20.47,20.06,20.12,20.33,-1.033,1890600.0,38089970.0,1.8369,20.09,36.903321,0.018914883026381224,0.018914883026381224,-0.00149328023892481,0.0014932802389249211,0.011946241911398703,0.018914883026381224,-0.024390243902438824,-0.010329562223315158,2026-08-28T07:01:00+00:00,inferred_from_endpoint_policy,passed,raw_ohlc; cumulative_returns_use_ohlc_times_adj_factor
formal:2026-08-21:600980.SH:selected,2026-08-21,2026-08-24,2026-08-23T09:05:02+08:00,600980.SH,北矿科技,2026-08-31,6,False,available,20.0,20.06,19.76,19.92,20.12,-0.994,2697199.0,53744365.0,1.8369,20.09,36.903321,-0.00447984071677443,-0.00149328023892481,-0.016426082628173133,-0.008461921353907331,0.011946241911398703,0.018914883026381224,-0.024390243902438824,-0.02016724053123453,2026-08-31T07:01:00+00:00,inferred_from_endpoint_policy,passed,raw_ohlc; cumulative_returns_use_ohlc_times_adj_factor
formal:2026-08-24:000690.SZ:selected,2026-08-24,2026-08-25,2026-08-25T09:05:00+08:00,000690.SZ,宝新能源,2026-08-25,1,True,available,4.94,4.98,4.88,4.93,5.0,-1.4,71310970.0,351264686.79,51.9003,4.94,256.38748200000003,0.0,0.00809716599190291,-0.012145748987854477,-0.002024291497975894,-0.002024291497975894,0.00809716599190291,-0.012145748987854477,0.0,2026-08-25T07:01:00+00:00,inferred_from_endpoint_policy,passed,raw_ohlc; cumulative_returns_use_ohlc_times_adj_factor
formal:2026-08-24:000690.SZ:selected,2026-08-24,2026-08-25,2026-08-25T09:05:00+08:00,000690.SZ,宝新能源,2026-08-26,2,False,available,4.91,4.96,4.89,4.93,4.93,0.0,50778371.0,250362820.21,51.9003,4.94,256.38748200000003,-0.006072874493927238,0.004048582995951344,-0.010121457489878694,-0.002024291497975894,-0.002024291497975894,0.00809716599190291,-0.012145748987854477,0.0,2026-08-26T07:01:00+00:00,inferred_from_endpoint_policy,passed,raw_ohlc; cumulative_returns_use_ohlc_times_adj_factor
formal:2026-08-24:000690.SZ:selected,2026-08-24,2026-08-25,2026-08-25T09:05:00+08:00,000690.SZ,宝新能源,2026-08-27,3,False,available,4.9,4.91,4.83,4.91,4.93,-0.4057,50836989.0,247194350.32999998,51.9003,4.94,256.38748200000003,-0.00809716599190291,-0.006072874493927238,-0.022267206477732948,-0.006072874493927238,-0.002024291497975894,0.00809716599190291,-0.022267206477732948,-0.0040567951318457585,2026-08-27T07:01:00+00:00,inferred_from_endpoint_policy,passed,raw_ohlc; cumulative_returns_use_ohlc_times_adj_factor
formal:2026-08-24:000690.SZ:selected,2026-08-24,2026-08-25,2026-08-25T09:05:00+08:00,000690.SZ,宝新能源,2026-08-28,4,False,available,4.9,4.92,4.86,4.9,4.91,-0.2037,36726149.0,179625884.59,51.9003,4.94,256.38748200000003,-0.00809716599190291,-0.004048582995951566,-0.01619433198380571,-0.00809716599190291,-0.002024291497975894,0.00809716599190291,-0.022267206477732948,-0.006085192697768638,2026-08-28T07:01:00+00:00,inferred_from_endpoint_policy,passed,raw_ohlc; cumulative_returns_use_ohlc_times_adj_factor
formal:2026-08-24:000690.SZ:selected,2026-08-24,2026-08-25,2026-08-25T09:05:00+08:00,000690.SZ,宝新能源,2026-08-31,5,False,available,4.89,4.94,4.86,4.9,4.9,0.0,36133539.0,176920208.87,51.9003,4.94,256.38748200000003,-0.010121457489878694,0.0,-0.01619433198380571,-0.00809716599190291,-0.002024291497975894,0.00809716599190291,-0.022267206477732948,-0.006085192697768638,2026-08-31T07:01:00+00:00,inferred_from_endpoint_policy,passed,raw_ohlc; cumulative_returns_use_ohlc_times_adj_factor
formal:2026-08-24:601998.SH:selected,2026-08-24,2026-08-25,2026-08-25T09:05:00+08:00,601998.SH,中信银行,2026-08-25,1,True,available,8.58,8.66,8.48,8.51,8.56,-0.5841,105093736.00000001,899664576.0,2.106,8.58,18.06948,0.0,0.00932400932400923,-0.011655011655011593,-0.00815850815850816,-0.00815850815850816,0.00932400932400923,-0.011655011655011593,0.0,2026-08-25T07:01:00+00:00,inferred_from_endpoint_policy,passed,raw_ohlc; cumulative_returns_use_ohlc_times_adj_factor
formal:2026-08-24:601998.SH:selected,2026-08-24,2026-08-25,2026-08-25T09:05:00+08:00,601998.SH,中信银行,2026-08-26,2,False,available,8.46,8.7,8.44,8.65,8.51,1.6451,80402159.0,691287581.0,2.106,8.58,18.06948,-0.013986013986013845,0.013986013986013957,-0.01631701631701632,0.00815850815850827,0.00815850815850827,0.013986013986013957,-0.01631701631701632,0.0,2026-08-26T07:01:00+00:00,inferred_from_endpoint_policy,passed,raw_ohlc; cumulative_returns_use_ohlc_times_adj_factor
formal:2026-08-24:601998.SH:selected,2026-08-24,2026-08-25,2026-08-25T09:05:00+08:00,601998.SH,中信银行,2026-08-27,3,False,available,8.58,8.69,8.49,8.66,8.65,0.1156,76294297.0,655838867.0,2.106,8.58,18.06948,0.0,0.012820512820512775,-0.010489510489510523,0.00932400932400923,0.00932400932400923,0.013986013986013957,-0.01631701631701632,0.0,2026-08-27T07:01:00+00:00,inferred_from_endpoint_policy,passed,raw_ohlc; cumulative_returns_use_ohlc_times_adj_factor
formal:2026-08-24:601998.SH:selected,2026-08-24,2026-08-25,2026-08-25T09:05:00+08:00,601998.SH,中信银行,2026-08-28,4,False,available,8.65,8.79,8.59,8.72,8.66,0.6928,57387747.0,500734434.0,2.106,8.58,18.06948,0.00815850815850827,0.02447552447552437,0.0011655011655011815,0.01631701631701632,0.01631701631701632,0.02447552447552437,-0.01631701631701632,0.0,2026-08-28T07:01:00+00:00,inferred_from_endpoint_policy,passed,raw_ohlc; cumulative_returns_use_ohlc_times_adj_factor
formal:2026-08-24:601998.SH:selected,2026-08-24,2026-08-25,2026-08-25T09:05:00+08:00,601998.SH,中信银行,2026-08-31,5,False,available,8.75,8.95,8.73,8.85,8.72,1.4908,74379425.0,659485249.0,2.106,8.58,18.06948,0.019813519813519864,0.04312354312354305,0.017482517482517723,0.03146853146853146,0.03146853146853146,0.04312354312354305,-0.01631701631701632,0.0,2026-08-31T07:01:00+00:00,inferred_from_endpoint_policy,passed,raw_ohlc; cumulative_returns_use_ohlc_times_adj_factor
formal:2026-08-25:002274.SZ:selected,2026-08-25,2026-08-26,2026-08-26T09:05:00+08:00,002274.SZ,华昌化工,2026-08-26,1,True,missing_equity_daily,,,,,,,,,,,,,,,,,,,,,,,raw_ohlc; cumulative_returns_use_ohlc_times_adj_factor
formal:2026-08-25:002274.SZ:selected,2026-08-25,2026-08-26,2026-08-26T09:05:00+08:00,002274.SZ,华昌化工,2026-08-27,2,False,missing_equity_daily,,,,,,,,,,,,,,,,,,,,,,,raw_ohlc; cumulative_returns_use_ohlc_times_adj_factor
formal:2026-08-25:002274.SZ:selected,2026-08-25,2026-08-26,2026-08-26T09:05:00+08:00,002274.SZ,华昌化工,2026-08-28,3,False,missing_equity_daily,,,,,,,,,,,,,,,,,,,,,,,raw_ohlc; cumulative_returns_use_ohlc_times_adj_factor
formal:2026-08-25:002274.SZ:selected,2026-08-25,2026-08-26,2026-08-26T09:05:00+08:00,002274.SZ,华昌化工,2026-08-31,4,False,missing_equity_daily,,,,,,,,,,,,,,,,,,,,,,,raw_ohlc; cumulative_returns_use_ohlc_times_adj_factor
formal:2026-08-25:603408.SH:selected,2026-08-25,2026-08-26,2026-08-26T09:05:00+08:00,603408.SH,建霖家居,2026-08-26,1,True,available,11.42,11.65,11.26,11.51,11.4,0.9649,8041261.0,92492096.0,1.3069,11.42,14.924798,0.0,0.020140105078809034,-0.014010507880910628,0.007880910683012221,0.007880910683012221,0.020140105078809034,-0.014010507880910628,0.0,2026-08-26T07:01:00+00:00,inferred_from_endpoint_policy,passed,raw_ohlc; cumulative_returns_use_ohlc_times_adj_factor
formal:2026-08-25:603408.SH:selected,2026-08-25,2026-08-26,2026-08-26T09:05:00+08:00,603408.SH,建霖家居,2026-08-27,2,False,available,11.49,11.6,11.36,11.56,11.51,0.4344,4259200.0,48966779.0,1.3069,11.42,14.924798,0.0061295971978985175,0.015761821366024442,-0.005253940455341555,0.012259194395796813,0.012259194395796813,0.020140105078809034,-0.014010507880910628,0.0,2026-08-27T07:01:00+00:00,inferred_from_endpoint_policy,passed,raw_ohlc; cumulative_returns_use_ohlc_times_adj_factor
formal:2026-08-25:603408.SH:selected,2026-08-25,2026-08-26,2026-08-26T09:05:00+08:00,603408.SH,建霖家居,2026-08-28,3,False,available,11.52,11.7,11.4,11.64,11.56,0.692,3645161.0,42117453.0,1.3069,11.42,14.924798,0.008756567425569184,0.024518388791593626,-0.0017513134851138146,0.019264448336252293,0.019264448336252293,0.024518388791593626,-0.014010507880910628,0.0,2026-08-28T07:01:00+00:00,inferred_from_endpoint_policy,passed,raw_ohlc; cumulative_returns_use_ohlc_times_adj_factor
formal:2026-08-25:603408.SH:selected,2026-08-25,2026-08-26,2026-08-26T09:05:00+08:00,603408.SH,建霖家居,2026-08-31,4,False,available,11.52,12.0,11.52,11.81,11.64,1.4605,5094153.0,60416505.0,1.3069,11.42,14.924798,0.008756567425569184,0.0507880910683014,0.008756567425569184,0.03415061295971977,0.03415061295971977,0.0507880910683014,-0.014010507880910628,0.0,2026-08-31T07:01:00+00:00,inferred_from_endpoint_policy,passed,raw_ohlc; cumulative_returns_use_ohlc_times_adj_factor
formal:2026-08-25:300473.SZ:selected,2026-08-25,2026-08-26,2026-08-26T09:05:00+08:00,300473.SZ,德尔股份,2026-08-26,1,True,available,24.71,25.75,24.16,25.47,24.59,3.5787,11912458.0,298871046.35,1.058,24.71,26.14318,0.0,0.04208822339133955,-0.022258195062727637,0.030756778632132775,0.030756778632132775,0.04208822339133955,-0.022258195062727637,0.0,2026-08-26T07:01:00+00:00,inferred_from_endpoint_policy,passed,raw_ohlc; cumulative_returns_use_ohlc_times_adj_factor
formal:2026-08-25:300473.SZ:selected,2026-08-25,2026-08-26,2026-08-26T09:05:00+08:00,300473.SZ,德尔股份,2026-08-27,2,False,available,25.47,27.18,25.31,26.9,25.47,5.6144,12117007.0,321569668.58,1.058,24.71,26.14318,0.030756778632132775,0.09995953055443141,0.024281667341157442,0.08862808579522463,0.08862808579522463,0.09995953055443141,-0.022258195062727637,0.0,2026-08-27T07:01:00+00:00,inferred_from_endpoint_policy,passed,raw_ohlc; cumulative_returns_use_ohlc_times_adj_factor
formal:2026-08-25:300473.SZ:selected,2026-08-25,2026-08-26,2026-08-26T09:05:00+08:00,300473.SZ,德尔股份,2026-08-28,3,False,available,26.58,29.23,26.5,27.7,26.9,2.974,12624040.0,352217138.95,1.058,24.71,26.14318,0.07567786321327397,0.18292189397005254,0.07244030756778641,0.12100364225010107,0.12100364225010107,0.18292189397005254,-0.022258195062727637,0.0,2026-08-28T07:01:00+00:00,inferred_from_endpoint_policy,passed,raw_ohlc; cumulative_returns_use_ohlc_times_adj_factor
formal:2026-08-25:300473.SZ:selected,2026-08-25,2026-08-26,2026-08-26T09:05:00+08:00,300473.SZ,德尔股份,2026-08-31,4,False,available,27.9,27.9,27.06,27.71,27.7,0.0361,8932624.0,245511864.88,1.058,24.71,26.14318,0.1290975313638203,0.1290975313638203,0.09510319708619996,0.12140833670578721,0.12140833670578721,0.18292189397005254,-0.022258195062727637,0.0,2026-08-31T07:01:00+00:00,inferred_from_endpoint_policy,passed,raw_ohlc; cumulative_returns_use_ohlc_times_adj_factor
formal:2026-08-26:300107.SZ:selected,2026-08-26,2026-08-27,2026-08-27T09:05:00+08:00,300107.SZ,建新股份,2026-08-27,1,True,available,6.8,6.96,6.7,6.8,6.87,-1.0189,23430368.0,159756145.6,9.8908,6.8,67.25744,0.0,0.0235294117647058,-0.014705882352941235,0.0,0.0,0.0235294117647058,-0.014705882352941235,0.0,2026-08-27T07:01:00+00:00,inferred_from_endpoint_policy,passed,raw_ohlc; cumulative_returns_use_ohlc_times_adj_factor
formal:2026-08-26:300107.SZ:selected,2026-08-26,2026-08-27,2026-08-27T09:05:00+08:00,300107.SZ,建新股份,2026-08-28,2,False,available,6.87,7.04,6.81,6.96,6.8,2.3529,15858100.0,110213287.0,9.8908,6.8,67.25744,0.010294117647058787,0.0352941176470587,0.0014705882352941124,0.0235294117647058,0.0235294117647058,0.0352941176470587,-0.014705882352941235,0.0,2026-08-28T07:01:00+00:00,inferred_from_endpoint_policy,passed,raw_ohlc; cumulative_returns_use_ohlc_times_adj_factor
formal:2026-08-26:300107.SZ:selected,2026-08-26,2026-08-27,2026-08-27T09:05:00+08:00,300107.SZ,建新股份,2026-08-31,3,False,available,6.9,7.04,6.78,6.97,6.96,0.1437,16366568.0,113173623.64,9.8908,6.8,67.25744,0.014705882352941124,0.0352941176470587,-0.002941176470588336,0.025000000000000133,0.025000000000000133,0.0352941176470587,-0.014705882352941235,0.0,2026-08-31T07:01:00+00:00,inferred_from_endpoint_policy,passed,raw_ohlc; cumulative_returns_use_ohlc_times_adj_factor
formal:2026-08-26:301289.SZ:selected,2026-08-26,2026-08-27,2026-08-27T09:05:00+08:00,301289.SZ,国缆检测,2026-08-27,1,True,available,46.07,46.65,45.5,46.65,47.06,-0.8712,2904162.0,134142801.27,1.3503,46.07,62.208321000000005,0.0,0.012589537660082417,-0.01237247666594321,0.012589537660082417,0.012589537660082417,0.012589537660082417,-0.01237247666594321,0.0,2026-08-27T07:01:00+00:00,inferred_from_endpoint_policy,passed,raw_ohlc; cumulative_returns_use_ohlc_times_adj_factor
formal:2026-08-26:301289.SZ:selected,2026-08-26,2026-08-27,2026-08-27T09:05:00+08:00,301289.SZ,国缆检测,2026-08-28,2,False,available,45.9,46.4,45.1,45.13,46.65,-3.2583,2122000.0,96676199.04,1.3503,46.07,62.208321000000005,-0.0036900369003691758,0.007163012806598479,-0.021054916431517356,-0.020403733449099182,0.012589537660082417,0.012589537660082417,-0.021054916431517356,-0.03258306538049294,2026-08-28T07:01:00+00:00,inferred_from_endpoint_policy,passed,raw_ohlc; cumulative_returns_use_ohlc_times_adj_factor
formal:2026-08-26:301289.SZ:selected,2026-08-26,2026-08-27,2026-08-27T09:05:00+08:00,301289.SZ,国缆检测,2026-08-31,3,False,available,44.51,45.06,44.31,44.95,45.13,-0.3988,1212400.0,54251106.62,1.3503,46.07,62.208321000000005,-0.0338615150857392,-0.021923160408074627,-0.03820273496852611,-0.024310831343607564,0.012589537660082417,0.012589537660082417,-0.03820273496852611,-0.03644158628081451,2026-08-31T07:01:00+00:00,inferred_from_endpoint_policy,passed,raw_ohlc; cumulative_returns_use_ohlc_times_adj_factor
formal:2026-08-26:300082.SZ:selected,2026-08-26,2026-08-27,2026-08-27T09:05:00+08:00,300082.SZ,奥克股份,2026-08-27,1,True,available,8.8,8.83,8.47,8.6,8.88,-3.1532,29776530.0,255416877.94,8.274,8.8,72.8112,0.0,0.003409090909090695,-0.03749999999999998,-0.022727272727272818,-0.022727272727272818,0.003409090909090695,-0.03749999999999998,0.0,2026-08-27T07:01:00+00:00,inferred_from_endpoint_policy,passed,raw_ohlc; cumulative_returns_use_ohlc_times_adj_factor
formal:2026-08-26:300082.SZ:selected,2026-08-26,2026-08-27,2026-08-27T09:05:00+08:00,300082.SZ,奥克股份,2026-08-28,2,False,available,8.6,8.84,8.6,8.65,8.6,0.5814,20510719.0,178996435.02,8.274,8.8,72.8112,-0.022727272727272818,0.004545454545454408,-0.022727272727272818,-0.017045454545454586,-0.017045454545454586,0.004545454545454408,-0.03749999999999998,0.0,2026-08-28T07:01:00+00:00,inferred_from_endpoint_policy,passed,raw_ohlc; cumulative_returns_use_ohlc_times_adj_factor
formal:2026-08-26:300082.SZ:selected,2026-08-26,2026-08-27,2026-08-27T09:05:00+08:00,300082.SZ,奥克股份,2026-08-31,3,False,available,8.5,8.7,8.49,8.53,8.65,-1.3873,14060010.0,119982907.45,8.274,8.8,72.8112,-0.03409090909090917,-0.011363636363636576,-0.035227272727272774,-0.030681818181818366,-0.017045454545454586,0.004545454545454408,-0.03749999999999998,-0.0138728323699423,2026-08-31T07:01:00+00:00,inferred_from_endpoint_policy,passed,raw_ohlc; cumulative_returns_use_ohlc_times_adj_factor
formal:2026-08-26:603993.SH:selected,2026-08-26,2026-08-27,2026-08-27T09:05:00+08:00,603993.SH,洛阳钼业,2026-08-27,1,True,available,19.23,19.63,19.15,19.51,19.59,-0.4084,258420874.00000003,5003965615.0,3.7371,19.23,71.864433,0.0,0.02080083203328109,-0.004160166406656507,0.01456058242329683,0.01456058242329683,0.02080083203328109,-0.004160166406656507,0.0,2026-08-27T07:01:00+00:00,inferred_from_endpoint_policy,passed,raw_ohlc; cumulative_returns_use_ohlc_times_adj_factor
formal:2026-08-26:603993.SH:selected,2026-08-26,2026-08-27,2026-08-27T09:05:00+08:00,603993.SH,洛阳钼业,2026-08-28,2,False,available,19.5,19.73,19.11,19.51,19.51,0.0,186902155.0,3629095914.0,3.7371,19.23,71.864433,0.014040561622464809,0.026001040041601753,-0.006240249609984483,0.01456058242329683,0.01456058242329683,0.026001040041601753,-0.006240249609984483,0.0,2026-08-28T07:01:00+00:00,inferred_from_endpoint_policy,passed,raw_ohlc; cumulative_returns_use_ohlc_times_adj_factor
formal:2026-08-26:603993.SH:selected,2026-08-26,2026-08-27,2026-08-27T09:05:00+08:00,603993.SH,洛阳钼业,2026-08-31,3,False,available,18.88,19.1,18.45,19.06,19.51,-2.3065,199380295.0,3746587199.0,3.7371,19.23,71.864433,-0.018200728029121427,-0.006760270410816394,-0.040561622464898694,-0.008840353614144703,0.01456058242329683,0.026001040041601753,-0.040561622464898694,-0.023065094823167653,2026-08-31T07:01:00+00:00,inferred_from_endpoint_policy,passed,raw_ohlc; cumulative_returns_use_ohlc_times_adj_factor
formal:2026-08-27:003816.SZ:selected,2026-08-27,2026-08-28,2026-08-28T09:05:00+08:00,003816.SZ,中国广核,2026-08-28,1,True,available,4.17,4.26,4.16,4.24,4.18,1.4354,136716835.0,577139858.53,1.1949,4.17,4.9827330000000005,0.0,0.021582733812949506,-0.0023980815347722784,0.016786570743405393,0.016786570743405393,0.021582733812949506,-0.0023980815347722784,0.0,2026-08-28T07:01:00+00:00,inferred_from_endpoint_policy,passed,raw_ohlc; cumulative_returns_use_ohlc_times_adj_factor
formal:2026-08-27:003816.SZ:selected,2026-08-27,2026-08-28,2026-08-28T09:05:00+08:00,003816.SZ,中国广核,2026-08-31,2,False,available,4.22,4.3,4.21,4.27,4.24,0.7075,126331411.00000001,539394036.36,1.1949,4.17,4.9827330000000005,0.011990407673860837,0.031175059952038175,0.00959232613908867,0.023980815347721673,0.023980815347721673,0.031175059952038175,-0.0023980815347722784,0.0,2026-08-31T07:01:00+00:00,inferred_from_endpoint_policy,passed,raw_ohlc; cumulative_returns_use_ohlc_times_adj_factor
formal:2026-08-27:000655.SZ:selected,2026-08-27,2026-08-28,2026-08-28T09:05:00+08:00,000655.SZ,金岭矿业,2026-08-28,1,True,available,7.37,7.56,7.27,7.55,7.35,2.7211,12097240.0,90012030.38,6.2971,7.37,46.409627,0.0,0.02578018995929443,-0.013568521031207648,0.024423337856173788,0.024423337856173788,0.02578018995929443,-0.013568521031207648,0.0,2026-08-28T07:01:00+00:00,inferred_from_endpoint_policy,passed,raw_ohlc; cumulative_returns_use_ohlc_times_adj_factor
formal:2026-08-27:000655.SZ:selected,2026-08-27,2026-08-28,2026-08-28T09:05:00+08:00,000655.SZ,金岭矿业,2026-08-31,2,False,available,7.5,7.52,7.23,7.32,7.55,-3.0464,10599338.0,77538569.04,6.2971,7.37,46.409627,0.01763907734056991,0.020352781546811416,-0.01899592944369044,-0.006784260515603657,0.024423337856173788,0.02578018995929443,-0.01899592944369044,-0.030463576158940353,2026-08-31T07:01:00+00:00,inferred_from_endpoint_policy,passed,raw_ohlc; cumulative_returns_use_ohlc_times_adj_factor
formal:2026-08-27:000801.SZ:selected,2026-08-27,2026-08-28,2026-08-28T09:05:00+08:00,000801.SZ,四川九洲,2026-08-28,1,True,available,11.9,11.93,11.71,11.78,11.82,-0.3384,8773675.0,103575831.35,15.1065,11.9,179.76735000000002,0.0,0.0025210084033613356,-0.015966386554621903,-0.010084033613445564,-0.010084033613445564,0.0025210084033613356,-0.015966386554621903,0.0,2026-08-28T07:01:00+00:00,inferred_from_endpoint_policy,passed,raw_ohlc; cumulative_returns_use_ohlc_times_adj_factor
formal:2026-08-27:000801.SZ:selected,2026-08-27,2026-08-28,2026-08-28T09:05:00+08:00,000801.SZ,四川九洲,2026-08-31,2,False,available,11.93,12.66,11.81,12.57,11.78,6.7063,27337095.0,339051920.36,15.1065,11.9,179.76735000000002,0.0025210084033613356,0.06386554621848717,-0.007563025210084118,0.05630252100840338,0.05630252100840338,0.06386554621848717,-0.015966386554621903,0.0,2026-08-31T07:01:00+00:00,inferred_from_endpoint_policy,passed,raw_ohlc; cumulative_returns_use_ohlc_times_adj_factor
formal:2026-08-28:002430.SZ:selected,2026-08-28,2026-08-31,2026-08-31T09:09:39+08:00,002430.SZ,杭氧股份,2026-08-31,1,True,available,26.51,27.55,26.26,27.48,26.11,5.247,42207736.0,1137228444.6000001,2.4684,26.51,65.437284,0.0,0.03923047906450372,-0.009430403621275119,0.036589966050546874,0.036589966050546874,0.03923047906450372,-0.009430403621275119,0.0,2026-08-31T07:01:00+00:00,inferred_from_endpoint_policy,passed,raw_ohlc; cumulative_returns_use_ohlc_times_adj_factor
formal:2026-08-28:300910.SZ:selected,2026-08-28,2026-08-31,2026-08-31T09:09:39+08:00,300910.SZ,瑞丰新材,2026-08-31,1,True,available,28.85,29.38,28.3,29.22,28.76,1.5994,8377241.0,242050579.15,2.7969,28.85,80.690565,0.0,0.018370883882149025,-0.01906412478336228,0.012824956672443433,0.012824956672443433,0.018370883882149025,-0.01906412478336228,0.0,2026-08-31T07:01:00+00:00,inferred_from_endpoint_policy,passed,raw_ohlc; cumulative_returns_use_ohlc_times_adj_factor
formal:2026-08-28:000928.SZ:selected,2026-08-28,2026-08-31,2026-08-31T09:09:39+08:00,000928.SZ,中钢国际,2026-08-31,1,True,available,5.35,5.52,5.3,5.49,5.31,3.3898,40129420.0,218497100.79999998,2.6978,5.35,14.433229999999998,0.0,0.0317757009345796,-0.009345794392523255,0.026168224299065512,0.026168224299065512,0.0317757009345796,-0.009345794392523255,0.0,2026-08-31T07:01:00+00:00,inferred_from_endpoint_policy,passed,raw_ohlc; cumulative_returns_use_ohlc_times_adj_factor
