research_id,as_of,record_id,entity_name,ts_code,role,relationship_status,G1_product_match,G2_relation_evidence,G3_repeatable_business,G4_performance_importance,G5_quality,G6_sustainability,G7_expectation_gap,G8_action_condition,research_state,monitoring_priority,priority_meaning,state_reason,valuation_interpretation,strongest_evidence,strongest_counterevidence,key_unknowns,upgrade_condition,invalidation_condition,monitor_focus,review_due,source_commit,action_boundary
ai-liquid-cooling-2026h2-001,2026-08-27T22:32:34+08:00,ENT036A,曙光数创,920808.BJ,冷板/浸没液冷直接经营主体,passed_direct_product_revenue,passed,passed_direct_product_revenue,partial_revenue_exists_repeat_customer_chain_unknown,partial_high_TRS_TGPS_net_profit_unknown,failed_current_margin_inventory_cash,unknown,not_demonstrated_PE_profit_requirement_extreme,not_evaluated,continue_observing,P1,重点观察（研究资源优先级，不是股票排序）,主题收入与毛利重要性已经明确，但主题净利润和现金未知；公司毛利、存货和经营现金反证较强，重复订单与第二客户链尚未闭合。,PS低于自身260日历史区间并不等于便宜；由于当前TTM利润很小，回到历史PE区间仍需利润增长约264%—486%，而现金和毛利尚未改善。,直接披露的冷板/浸没产品收入、成本和毛利口径；公司级财务、存货、现金、估值和价格质量背景,2026H1综合毛利率同比下降7.56个百分点；2025年度与2026H1均出现存货增速明显快于收入；2026H1经营现金流为-2.42亿元。,客户、订单金额和复购客户链；逐项目交付与验收；冷板与浸没各自净利润和现金贡献；模块化数据中心及系统集成中的液冷准确份额,订单/验收链 + 复购/第二客户 + 毛利与现金改善。,收入增长继续伴随毛利下滑、库存异常和负现金；模块化/系统集成被错误分配；路线替代压缩直接产品价值。,冷板/浸没收入与毛利；正式订单与逐项目验收；同一客户追加/第二客户；库存相对收入；经营现金流；模块化/系统集成边界,2026-11-30,ba7a2cb493edf6caf3c589029c403ab73d9a4790,研究状态不是买入、卖出、仓位或收益承诺。
ai-liquid-cooling-2026h2-001,2026-08-27T22:32:34+08:00,ENT037,飞荣达,300602.SZ,TIM、冷板、CDU、快接等硬件,passed_partial,passed,passed_partial_batch_delivery,not_passed_repeat_order_and_second_customer_unknown,not_evaluable_theme_financials_unknown,company_level_improving_theme_cash_unknown,unknown_second_source_and_standardization,company_level_possible_but_theme_not_attributable,not_evaluated,continue_observing,P1,重点观察（研究资源优先级，不是股票排序）,供应合作和部分批量交付成立，公司级增长较好，但液冷产品线收入、毛利、复购和现金未拆。,公司级Q1收入/利润增速高于自身260日PE/PS中位对应的要求，但近期价格已明显上涨；在无法证明增量来自AI液冷前，不能升级为正预期差候选。,服务器/数据中心液冷产品、供应合作和部分产品批量交付；公司级财务、现金、应收、存货、估值和价格背景,2026Q1公司收入与归母利润增长，但经营现金流为负；业务跨AI服务器、储能、汽车、消费电子和通信，公司整体增长不能自动归因于液冷。,液冷订单金额、客户名称和复购次数；液冷主题收入、产品线毛利、净利润和现金；AI服务器液冷与储能、汽车、消费电子、通信的准确拆分,产品线财务拆分 + 重复订单/第二客户 + 良率与现金证据。,批量交付没有复购；增长主要来自非目标场景；现金持续为负；标准化和二供导致降价。,液冷产品线收入与毛利；追加订单/第二客户；AI服务器与储能/汽车拆分；良率/利用率；经营现金与客户结构,2026-11-30,ba7a2cb493edf6caf3c589029c403ab73d9a4790,研究状态不是买入、卖出、仓位或收益承诺。
ai-liquid-cooling-2026h2-001,2026-08-27T22:32:34+08:00,ENT034,英维克,002837.SZ,液冷系统与部件供应商,passed_partial,passed,passed_partial,not_passed_repeat_order_unknown,not_evaluable_theme_financials_unknown,not_evaluable_at_theme_level,unknown,not_demonstrated,not_evaluated,continue_observing,P2,一般观察（研究资源优先级，不是股票排序）,产品、验证和部分规模应用成立，但液冷订单、复购和主题财务未拆；公司收入增长未同步转成利润增长。,按公司自身260日历史，当前PE/PS大致处于中位附近，并非明显低估；近期价格上涨较快，不能仅凭历史分位证明正预期差。,正式产品、平台验证和部分规模应用关系；公司级财务、营运资金、估值和价格背景；订单、复购和主题利润证据缺口分析,2026H1公司收入同比增长17.24%，归母净利润同比下降14.32%，综合毛利率同比下降1.21个百分点；均为公司级事实。,液冷专属客户与订单金额；复购次数；液冷主题收入、毛利、净利润和现金贡献；液冷业务良率、有效产能和回款,正式客户或订单 + 重复交付/第二客户 + 主题收入/毛利拆分。,规模应用长期不转成订单或复购；毛利继续下降；二供/自制压低价格；库存与应收显著恶化。,正式液冷客户/订单；同一客户追加或第二客户；液冷主题收入与毛利拆分；主题回款/现金；良率与有效产能,2026-11-30,ba7a2cb493edf6caf3c589029c403ab73d9a4790,研究状态不是买入、卖出、仓位或收益承诺。
ai-liquid-cooling-2026h2-001,2026-08-27T22:32:34+08:00,ENT035,申菱环境,301018.SZ,CDU、系统设备与设施侧工程,passed_partial,passed,passed_partial,not_passed_liquid_cooling_contract_and_acceptance_unknown,not_evaluable_theme_financials_unknown,company_level_pressure_theme_quality_unknown,unknown,not_demonstrated_price_requirements_high,not_evaluated,continue_observing,P2,一般观察（研究资源优先级，不是股票排序）,液冷产品和数据服务板块订单背景成立，但液冷专属合同、验收、主题利润和现金均未知；最新季度公司经营承压。,回到自身260日较低/中位估值，需要TTM利润约增长71%/36%，或收入约增长93%/54%；最新季度收入和利润下降，尚无证据支持正预期差。,液冷产品矩阵和数据服务业务订单增长关系；公司级财务、工程营运资金和市场背景,2026Q1公司收入同比下降1.80%、归母净利润同比下降47.71%、经营现金流-1.93亿元；应收和存货增速明显高于收入。,数据服务订单中的液冷专属金额；液冷项目验收与复购；液冷主题收入、项目毛利、净利润和现金；传统温控、设施冷源、工程服务与液冷的精确拆分,液冷专属合同或验收收入 + 跨项目复制 + 项目毛利/回款证据。,订单主要是传统温控；项目验收延期；应收/存货继续快于收入；现金持续恶化。,液冷专属合同/订单；项目验收收入；液冷与传统温控拆分；项目毛利；应收/存货/经营现金,2026-11-30,ba7a2cb493edf6caf3c589029c403ab73d9a4790,研究状态不是买入、卖出、仓位或收益承诺。
ai-liquid-cooling-2026h2-001,2026-08-27T22:32:34+08:00,ENT039,高澜股份,300499.SZ,数据中心液冷系统与项目/EPC,passed_project_relation,passed,passed_project_relation,not_passed_order_acceptance_repeat_unknown,not_evaluable_mixed_segment,company_level_cash_working_capital_pressure,unknown_project_repeat_and_route_mix,not_demonstrated_PE_unstable,not_evaluated,continue_observing,P2,一般观察（研究资源优先级，不是股票排序）,国内AIDC和海外数据中心项目关系成立，但高功率密度分项混有储能，液冷订单、验收、主题利润和现金未闭环。,PE历史因低利润/异常样本而不稳定；PS中位并不要求收入增长，但最新季度收入下降且现金、应收和存货压力明显，不能据此认定低估。,国内AIDC项目交付和海外数据中心EPC项目关系；公司级财务、应收、存货、现金、估值和价格背景,2026Q1经营现金流-1.12亿元，应收和存货增速明显高于收入；高功率密度分项混有其他场景。,高功率密度分项中纯AI数据中心液冷收入和毛利；液冷专属订单金额、项目验收、净利润和现金贡献,液冷专属订单 + 验收收入 + 重复项目 + 现金。,项目长期不验收；混合场景被误算；应收/库存继续异常；海外项目成本或变更吞噬毛利。,液冷专属订单/在手订单；项目验收收入；高功率密度分项场景拆分；重复项目/第二客户；合同资产/应收/现金,2026-11-30,ba7a2cb493edf6caf3c589029c403ab73d9a4790,研究状态不是买入、卖出、仓位或收益承诺。
ai-liquid-cooling-2026h2-001,2026-08-27T22:32:34+08:00,ENT038,佳力图,603912.SH,设施侧液冷、CDU、最终排热与改造,passed_partial_facility_liquid_cooling_relation,passed_restricted_facility_side,passed_partial_facility_relation,not_passed_project_acceptance_and_repeat_unknown,not_evaluable_theme_financials_unknown,company_loss_and_margin_pressure,unknown_route_mix_and_project_quality,not_demonstrated,not_evaluated,continue_observing,P2,受限观察（研究资源优先级，不是股票排序）,设施侧液冷关系成立，但传统风冷、风液协同、IDC运营与液冷财务未拆；公司仍亏损且毛利下滑。,PE不可用；回到自身PS中位需要收入约增长10.6%，而最新季度公司收入仅增长约5.4%且亏损扩大。,全栈液冷方案、CDU认证、2MW级CDU批量交付和项目案例；设施侧水环、最终排热、风液协同和数据中心改造关系；公司级工程垫资、验收、应收和现金风险背景,2026Q1公司亏损扩大、综合毛利率同比下降7.91个百分点、经营现金流-0.40亿元；均为公司级事实。,液冷专属客户和订单金额；液冷项目验收与复购；液冷设施侧收入、项目毛利、净利润和现金贡献,设施侧液冷合同/验收 + 业务拆分 + 重复项目与现金。,收入主要来自传统温控或IDC运营；项目延期、垫资和应收吞噬利润；风液混合推迟直接液冷投资。,液冷设施侧合同/验收；液冷与传统业务拆分；重复项目/第二客户；项目毛利；应收/合同资产/现金,2026-09-30,ba7a2cb493edf6caf3c589029c403ab73d9a4790,研究状态不是买入、卖出、仓位或收益承诺。
ai-liquid-cooling-2026h2-001,2026-08-27T22:32:34+08:00,A2L007,荣亿精密,920223.BJ,服务器液冷快接精密零部件新进入者,passed_direct_mass_production_relationship,passed,passed_direct_mass_production_relationship,not_passed_repeat_delivery_and_second_customer_unknown,not_evaluable_mixed_3C_revenue,company_loss_margin_and_cash_pressure,unknown_effective_capacity_and_customer_concentration,not_demonstrated_loss_and_theme_split_missing,not_evaluated,continue_observing,P2,供给与竞争观察（研究资源优先级，不是股票排序）,快接零部件量产和核心客户关系成立，但3C混合收入无法证明液冷规模，良率、有效产能、复购、利润和现金仍未知。,当前PS低于自身260日历史区间，但公司仍亏损，主题规模和利润重要性未拆；低销售倍数不能补救G3—G5缺口。,服务器液冷快接相关零部件2025Q2批量生产；核心客户富世达、设备到位和产能爬坡；快速接头新增供给、二供和竞争加剧样本；公司级亏损、现金和扩产压力背景,2026H1公司仍亏损约0.11亿元、经营现金流-0.36亿元、综合毛利率同比下降3.68个百分点；液冷规模和利润重要性未拆。,液冷订单金额、复购次数和客户集中度；液冷收入、毛利、净利润和现金；良率、认证通过率、有效产能和利用率,直接主题收入 + 重复交付/第二客户 + 良率/有效产能 + 毛利与现金。,扩产项目未按期形成有效产能；客户过度集中；低毛利/亏损延续；接口标准化降低稀缺性。,液冷直接收入/交易金额；重复交付/第二客户；良率/认证/有效产能；客户集中度；毛利与经营现金；接口标准化和二供,2026-11-30,ba7a2cb493edf6caf3c589029c403ab73d9a4790,研究状态不是买入、卖出、仓位或收益承诺。
ai-liquid-cooling-2026h2-001,2026-08-27T22:32:34+08:00,ENT036B,中科曙光,603019.SH,所有权、合并与利润归属背景,passed_ownership_context_only,not_applicable_ownership_context,ownership_context_only,not_applicable,not_applicable_no_direct_theme_attribution,not_applicable,not_applicable,not_applicable,not_evaluated,insufficient_evidence,P3,背景观察（研究资源优先级，不是股票排序）,只证明曙光数创是重要非全资子公司及其合并边界，不能把子公司的产品、收入和利润直接变成母公司液冷投资逻辑。,不建立液冷主题估值或价格结论。,曙光数创的重要非全资子公司身份；控制、合并范围、少数股东权益和利润归属边界；年报少数股东持股37.9302%、半年报37.93%的正式披露,母子公司合并与少数股东权益使简单持股比例乘算失真。,曙光数创液冷经营结果对中科曙光归母利润的精确增量影响，除非正式报表直接披露,只有正式报表直接披露并可按合并口径解释时，才补充母公司归母影响。,任何把子公司收入或利润简单乘持股比例的做法均无效。,持股与控制变化；合并范围；少数股东权益；正式披露的母公司归母影响,2026-09-30,ba7a2cb493edf6caf3c589029c403ab73d9a4790,研究状态不是买入、卖出、仓位或收益承诺。
ai-liquid-cooling-2026h2-001,2026-08-27T22:32:34+08:00,ENT040,同飞股份,300990.SZ,潜在液冷设备供应者,not_passed_hard_relation_gate,passed_capability,failed_no_customer_order_delivery,not_applicable_until_G2,not_applicable_until_G2,not_applicable_for_theme,potential_supply_only,not_applicable,not_evaluated,insufficient_evidence,P3,能力与竞争背景（研究资源优先级，不是股票排序）,正式年报只证明CDU、Manifold、浸没箱体等产品能力，没有客户、订单、交付或独立业务分项，关系硬门未通过。,不建立液冷主题反向估值；公司财务和股价不能补救关系硬门。,CDU、Manifold、浸没箱体等产品能力；潜在供给、竞争者和未来关系升级背景,正式年报只证明产品能力，未见客户、订单、交付或独立业务分项。,客户、订单、交付、重复采购；液冷主题收入、利润和现金,正式客户、订单、交付、重复采购或独立业务分项。,继续只有产品展示或能力描述而没有商业关系。,正式液冷客户；订单/交付；重复采购；独立液冷业务分项；进入客户认证或供应链,2026-09-30,ba7a2cb493edf6caf3c589029c403ab73d9a4790,研究状态不是买入、卖出、仓位或收益承诺。
