formation_date,action_date,sample_tier,exposure_status,evaluation_cluster_id,ts_code,name,data_status,original_fate,original_priority,opportunity_type,original_primary_reason,modified_fate,modified_priority,modification_reason,executable_on_action_date,hit_20pct_close_within_20d,selection_success,first_hit_day,max_close_return_20d,terminal_return_20d
2026-05-13,2026-05-14,complete_formation_answer,unexposed,overlapping-window-cluster-1,002008.SZ,大族激光,future_unopened,rejected,,sector_diffusion,公司改善事实存在，但结合变化新鲜度、材料性、价格识别、透支反证和同日替代比较，尚未达到最终入选标准；不依赖单一涨幅窗口判断。,rejected,,no_skill_modification_counterexamples_not_separated,,,,,,
2026-05-13,2026-05-14,complete_formation_answer,unexposed,overlapping-window-cluster-1,002081.SZ,金螳螂,future_unopened,rejected,,independent_price_anomaly,只有公告标题或非核心公司变化，正文材料性和对主营传导不足，不能由价格异动补写因果。,rejected,,no_skill_modification_counterexamples_not_separated,,,,,,
2026-05-13,2026-05-14,complete_formation_answer,unexposed,overlapping-window-cluster-1,002094.SZ,青岛金王,future_unopened,rejected,,company_catalyst,价格异动已被发现，但缺少形成日前可确认的公司原因与持续传导。,rejected,,no_skill_modification_counterexamples_not_separated,,,,,,
2026-05-13,2026-05-14,complete_formation_answer,unexposed,overlapping-window-cluster-1,002096.SZ,易普力,future_unopened,rejected,,company_catalyst,公司改善事实存在，但结合变化新鲜度、材料性、价格识别、透支反证和同日替代比较，尚未达到最终入选标准；不依赖单一涨幅窗口判断。,rejected,,no_skill_modification_counterexamples_not_separated,,,,,,
2026-05-13,2026-05-14,complete_formation_answer,unexposed,overlapping-window-cluster-1,002097.SZ,山河智能,future_unopened,rejected,,company_catalyst,公司改善事实存在，但结合变化新鲜度、材料性、价格识别、透支反证和同日替代比较，尚未达到最终入选标准；不依赖单一涨幅窗口判断。,rejected,,no_skill_modification_counterexamples_not_separated,,,,,,
2026-05-13,2026-05-14,complete_formation_answer,unexposed,overlapping-window-cluster-1,002100.SZ,天康生物,future_unopened,rejected,,unresolved,只有公告标题或非核心公司变化，正文材料性和对主营传导不足，不能由价格异动补写因果。,rejected,,no_skill_modification_counterexamples_not_separated,,,,,,
2026-05-13,2026-05-14,complete_formation_answer,unexposed,overlapping-window-cluster-1,002297.SZ,博云新材,future_unopened,rejected,,independent_price_anomaly,硬质合金量价齐升的传导直接，但中窗口已经大幅重估并处高位，剩余路径明显弱于入选股。,rejected,,no_skill_modification_counterexamples_not_separated,,,,,,
2026-05-13,2026-05-14,complete_formation_answer,unexposed,overlapping-window-cluster-1,002346.SZ,柘中股份,future_unopened,rejected,,independent_price_anomaly,价格异动已被发现，但缺少形成日前可确认的公司原因与持续传导。,rejected,,no_skill_modification_counterexamples_not_separated,,,,,,
2026-05-13,2026-05-14,complete_formation_answer,unexposed,overlapping-window-cluster-1,002486.SZ,嘉麟杰,future_unopened,rejected,,company_catalyst,公司改善事实存在，但结合变化新鲜度、材料性、价格识别、透支反证和同日替代比较，尚未达到最终入选标准；不依赖单一涨幅窗口判断。,rejected,,no_skill_modification_counterexamples_not_separated,,,,,,
2026-05-13,2026-05-14,complete_formation_answer,unexposed,overlapping-window-cluster-1,002491.SZ,通鼎互联,future_unopened,rejected,,sector_diffusion,板块和价格共同增强，但没有可确认的直接公司变化及材料性传导。,rejected,,no_skill_modification_counterexamples_not_separated,,,,,,
2026-05-13,2026-05-14,complete_formation_answer,unexposed,overlapping-window-cluster-1,002552.SZ,宝鼎科技,future_unopened,rejected,,company_catalyst,业绩改善有直接业务原因，但短中窗口仍在快速扩张、成交放大且处高位，形成日明显透支。,rejected,,no_skill_modification_counterexamples_not_separated,,,,,,
2026-05-13,2026-05-14,complete_formation_answer,unexposed,overlapping-window-cluster-1,002596.SZ,海南瑞泽,future_unopened,rejected,,company_catalyst,价格异动已被发现，但缺少形成日前可确认的公司原因与持续传导。,rejected,,no_skill_modification_counterexamples_not_separated,,,,,,
2026-05-13,2026-05-14,complete_formation_answer,unexposed,overlapping-window-cluster-1,002903.SZ,宇环数控,future_unopened,rejected,,sector_diffusion,只有公告标题或非核心公司变化，正文材料性和对主营传导不足，不能由价格异动补写因果。,rejected,,no_skill_modification_counterexamples_not_separated,,,,,,
2026-05-13,2026-05-14,complete_formation_answer,unexposed,overlapping-window-cluster-1,002918.SZ,蒙娜丽莎,future_unopened,rejected,,independent_price_anomaly,价格异动已被发现，但缺少形成日前可确认的公司原因与持续传导。,rejected,,no_skill_modification_counterexamples_not_separated,,,,,,
2026-05-13,2026-05-14,complete_formation_answer,unexposed,overlapping-window-cluster-1,002943.SZ,宇晶股份,future_unopened,rejected,,sector_diffusion,板块共同动力存在，但公司增量和独立价格路径不足。,rejected,,no_skill_modification_counterexamples_not_separated,,,,,,
2026-05-13,2026-05-14,complete_formation_answer,unexposed,overlapping-window-cluster-1,300253.SZ,卫宁健康,future_unopened,rejected,,company_catalyst,一季度利润与收入改善存在，但经营现金流同比明显走弱，形成日价格与成交识别也弱于最终入选股。,rejected,,no_skill_modification_counterexamples_not_separated,,,,,,
2026-05-13,2026-05-14,complete_formation_answer,unexposed,overlapping-window-cluster-1,300268.SZ,佳沃食品,future_unopened,rejected,,independent_price_anomaly,价格异动已被发现，但缺少形成日前可确认的公司原因与持续传导。,rejected,,no_skill_modification_counterexamples_not_separated,,,,,,
2026-05-13,2026-05-14,complete_formation_answer,unexposed,overlapping-window-cluster-1,300301.SZ,ST长方,future_unopened,rejected,,unresolved,只有公告标题或非核心公司变化，正文材料性和对主营传导不足，不能由价格异动补写因果。,rejected,,no_skill_modification_counterexamples_not_separated,,,,,,
2026-05-13,2026-05-14,complete_formation_answer,unexposed,overlapping-window-cluster-1,300449.SZ,汉邦高科,future_unopened,rejected,,independent_price_anomaly,只有公告标题或非核心公司变化，正文材料性和对主营传导不足，不能由价格异动补写因果。,rejected,,no_skill_modification_counterexamples_not_separated,,,,,,
2026-05-13,2026-05-14,complete_formation_answer,unexposed,overlapping-window-cluster-1,300604.SZ,长川科技,future_unopened,rejected,,sector_diffusion,公司改善事实存在，但结合变化新鲜度、材料性、价格识别、透支反证和同日替代比较，尚未达到最终入选标准；不依赖单一涨幅窗口判断。,rejected,,no_skill_modification_counterexamples_not_separated,,,,,,
2026-05-13,2026-05-14,complete_formation_answer,unexposed,overlapping-window-cluster-1,300736.SZ,百邦科技,future_unopened,rejected,,independent_price_anomaly,只有公告标题或非核心公司变化，正文材料性和对主营传导不足，不能由价格异动补写因果。,rejected,,no_skill_modification_counterexamples_not_separated,,,,,,
2026-05-13,2026-05-14,complete_formation_answer,unexposed,overlapping-window-cluster-1,300819.SZ,聚杰微纤,future_unopened,rejected,,independent_price_anomaly,价格异动已被发现，但缺少形成日前可确认的公司原因与持续传导。,rejected,,no_skill_modification_counterexamples_not_separated,,,,,,
2026-05-13,2026-05-14,complete_formation_answer,unexposed,overlapping-window-cluster-1,300839.SZ,博汇股份,future_unopened,rejected,,company_catalyst,主营扭亏与现金流改善真实，但近期价格、成交和位置共同显示仍在快速扩张，形成日追入的透支反证强。,rejected,,no_skill_modification_counterexamples_not_separated,,,,,,
2026-05-13,2026-05-14,complete_formation_answer,unexposed,overlapping-window-cluster-1,300894.SZ,火星人,future_unopened,rejected,,unresolved,只有公告标题或非核心公司变化，正文材料性和对主营传导不足，不能由价格异动补写因果。,rejected,,no_skill_modification_counterexamples_not_separated,,,,,,
2026-05-13,2026-05-14,complete_formation_answer,unexposed,overlapping-window-cluster-1,300900.SZ,广联航空,future_unopened,rejected,,unresolved,只有公告标题或非核心公司变化，正文材料性和对主营传导不足，不能由价格异动补写因果。,rejected,,no_skill_modification_counterexamples_not_separated,,,,,,
2026-05-13,2026-05-14,complete_formation_answer,unexposed,overlapping-window-cluster-1,300912.SZ,凯龙高科,future_unopened,selected,,company_catalyst,一季度利润、收入与经营现金流同向改善，形成日短中窗口价格识别适度、成交开始增加且价格位置仍不拥挤，相对同日公司改善候选的因果与路径更完整。,selected,,no_skill_modification_counterexamples_not_separated,,,,,,
2026-05-13,2026-05-14,complete_formation_answer,unexposed,overlapping-window-cluster-1,301197.SZ,工大科雅,future_unopened,rejected,,unresolved,只有公告标题或非核心公司变化，正文材料性和对主营传导不足，不能由价格异动补写因果。,rejected,,no_skill_modification_counterexamples_not_separated,,,,,,
2026-05-13,2026-05-14,complete_formation_answer,unexposed,overlapping-window-cluster-1,301288.SZ,清研环境,future_unopened,rejected,,independent_price_anomaly,只有公告标题或非核心公司变化，正文材料性和对主营传导不足，不能由价格异动补写因果。,rejected,,no_skill_modification_counterexamples_not_separated,,,,,,
2026-05-13,2026-05-14,complete_formation_answer,unexposed,overlapping-window-cluster-1,301369.SZ,联动科技,future_unopened,rejected,,sector_diffusion,业绩传导真实，但短中窗口同时加速并处高位，不是只因前20日已涨而淘汰。,rejected,,no_skill_modification_counterexamples_not_separated,,,,,,
2026-05-13,2026-05-14,complete_formation_answer,unexposed,overlapping-window-cluster-1,301511.SZ,德福科技,future_unopened,rejected,,company_catalyst,利润与收入增长明确，但中窗口已大幅扩张、价格位置高，剩余路径反证强。,rejected,,no_skill_modification_counterexamples_not_separated,,,,,,
2026-05-13,2026-05-14,complete_formation_answer,unexposed,overlapping-window-cluster-1,301603.SZ,乔锋智能,future_unopened,rejected,,sector_diffusion,利润、收入与现金流改善存在，但中窗口已大幅重估并处高位，形成日剩余路径弱。,rejected,,no_skill_modification_counterexamples_not_separated,,,,,,
2026-05-13,2026-05-14,complete_formation_answer,unexposed,overlapping-window-cluster-1,301629.SZ,矽电股份,future_unopened,rejected,,sector_diffusion,只有公告标题或非核心公司变化，正文材料性和对主营传导不足，不能由价格异动补写因果。,rejected,,no_skill_modification_counterexamples_not_separated,,,,,,
2026-05-13,2026-05-14,complete_formation_answer,unexposed,overlapping-window-cluster-1,600076.SH,康欣新材,future_unopened,rejected,,independent_price_anomaly,只有公告标题或非核心公司变化，正文材料性和对主营传导不足，不能由价格异动补写因果。,rejected,,no_skill_modification_counterexamples_not_separated,,,,,,
2026-05-13,2026-05-14,complete_formation_answer,unexposed,overlapping-window-cluster-1,600266.SH,城建发展,future_unopened,rejected,,company_catalyst,公司改善事实存在，但结合变化新鲜度、材料性、价格识别、透支反证和同日替代比较，尚未达到最终入选标准；不依赖单一涨幅窗口判断。,rejected,,no_skill_modification_counterexamples_not_separated,,,,,,
2026-05-13,2026-05-14,complete_formation_answer,unexposed,overlapping-window-cluster-1,600271.SH,航天信息,future_unopened,rejected,,company_catalyst,价格异动已被发现，但缺少形成日前可确认的公司原因与持续传导。,rejected,,no_skill_modification_counterexamples_not_separated,,,,,,
2026-05-13,2026-05-14,complete_formation_answer,unexposed,overlapping-window-cluster-1,600396.SH,华电辽能,future_unopened,rejected,,independent_price_anomaly,公司改善事实存在，但结合变化新鲜度、材料性、价格识别、透支反证和同日替代比较，尚未达到最终入选标准；不依赖单一涨幅窗口判断。,rejected,,no_skill_modification_counterexamples_not_separated,,,,,,
2026-05-13,2026-05-14,complete_formation_answer,unexposed,overlapping-window-cluster-1,600522.SH,中天科技,future_unopened,rejected,,sector_diffusion,公司改善事实存在，但结合变化新鲜度、材料性、价格识别、透支反证和同日替代比较，尚未达到最终入选标准；不依赖单一涨幅窗口判断。,rejected,,no_skill_modification_counterexamples_not_separated,,,,,,
2026-05-13,2026-05-14,complete_formation_answer,unexposed,overlapping-window-cluster-1,601991.SH,大唐发电,future_unopened,rejected,,independent_price_anomaly,公司改善事实存在，但结合变化新鲜度、材料性、价格识别、透支反证和同日替代比较，尚未达到最终入选标准；不依赖单一涨幅窗口判断。,rejected,,no_skill_modification_counterexamples_not_separated,,,,,,
2026-05-13,2026-05-14,complete_formation_answer,unexposed,overlapping-window-cluster-1,603045.SH,福达合金,future_unopened,rejected,,independent_price_anomaly,公司改善事实存在，但结合变化新鲜度、材料性、价格识别、透支反证和同日替代比较，尚未达到最终入选标准；不依赖单一涨幅窗口判断。,rejected,,no_skill_modification_counterexamples_not_separated,,,,,,
2026-05-13,2026-05-14,complete_formation_answer,unexposed,overlapping-window-cluster-1,603052.SH,可川科技,future_unopened,rejected,,company_catalyst,价格异动已被发现，但缺少形成日前可确认的公司原因与持续传导。,rejected,,no_skill_modification_counterexamples_not_separated,,,,,,
2026-05-13,2026-05-14,complete_formation_answer,unexposed,overlapping-window-cluster-1,603567.SH,珍宝岛,future_unopened,rejected,,unresolved,只有公告标题或非核心公司变化，正文材料性和对主营传导不足，不能由价格异动补写因果。,rejected,,no_skill_modification_counterexamples_not_separated,,,,,,
2026-05-13,2026-05-14,complete_formation_answer,unexposed,overlapping-window-cluster-1,603569.SH,长久物流,future_unopened,rejected,,company_catalyst,价格异动已被发现，但缺少形成日前可确认的公司原因与持续传导。,rejected,,no_skill_modification_counterexamples_not_separated,,,,,,
2026-05-13,2026-05-14,complete_formation_answer,unexposed,overlapping-window-cluster-1,603577.SH,汇金通,future_unopened,rejected,,company_catalyst,价格异动已被发现，但缺少形成日前可确认的公司原因与持续传导。,rejected,,no_skill_modification_counterexamples_not_separated,,,,,,
2026-05-13,2026-05-14,complete_formation_answer,unexposed,overlapping-window-cluster-1,603629.SH,利通电子,future_unopened,rejected,,independent_price_anomaly,公司改善事实存在，但结合变化新鲜度、材料性、价格识别、透支反证和同日替代比较，尚未达到最终入选标准；不依赖单一涨幅窗口判断。,rejected,,no_skill_modification_counterexamples_not_separated,,,,,,
2026-05-27,2026-05-28,complete_formation_answer,exposed,overlapping-window-cluster-1,000509.SZ,华塑控股,complete,rejected,,independent_price_anomaly,价格异动已被发现，但缺少形成日前可确认的公司原因与持续传导。,rejected,,no_skill_modification_counterexamples_not_separated,True,False,False,,0.0017482517482518833,-0.34090909090909094
2026-05-27,2026-05-28,complete_formation_answer,exposed,overlapping-window-cluster-1,000636.SZ,风华高科,complete,rejected,,sector_diffusion,公司改善事实存在，但形成日前价格已经明显扩张或处高位，剩余路径透支反证强。,rejected,,no_skill_modification_counterexamples_not_separated,True,True,True,3,0.7852017937219731,0.7852017937219731
2026-05-27,2026-05-28,complete_formation_answer,exposed,overlapping-window-cluster-1,000759.SZ,中百集团,complete,rejected,,independent_price_anomaly,只有公告标题或非核心公司变化，正文材料性和对主营传导不足，不能由价格异动补写因果。,rejected,,no_skill_modification_counterexamples_not_separated,True,False,False,,0.09000000000000008,0.03499999999999992
2026-05-27,2026-05-28,complete_formation_answer,exposed,overlapping-window-cluster-1,001259.SZ,利仁科技,complete,rejected,,independent_price_anomaly,公司改善事实存在，但形成日前价格已经明显扩张或处高位，剩余路径透支反证强。,rejected,,no_skill_modification_counterexamples_not_separated,True,False,False,,0.13752401866593456,-0.06089356801885337
2026-05-27,2026-05-28,complete_formation_answer,exposed,overlapping-window-cluster-1,002185.SZ,华天科技,complete,rejected,,sector_diffusion,公司改善事实存在，但形成日前价格已经明显扩张或处高位，剩余路径透支反证强。,rejected,,no_skill_modification_counterexamples_not_separated,True,False,False,,0.11292346740054926,0.11292346740054926
2026-05-27,2026-05-28,complete_formation_answer,exposed,overlapping-window-cluster-1,002388.SZ,新亚制程,complete,rejected,,independent_price_anomaly,价格异动已被发现，但缺少形成日前可确认的公司原因与持续传导。,rejected,,no_skill_modification_counterexamples_not_separated,True,False,False,,0.028911564625850428,-0.08333333333333326
2026-05-27,2026-05-28,complete_formation_answer,exposed,overlapping-window-cluster-1,002552.SZ,宝鼎科技,complete,rejected,,independent_price_anomaly,公司改善事实存在，但形成日前价格已经明显扩张或处高位，剩余路径透支反证强。,rejected,,no_skill_modification_counterexamples_not_separated,True,True,True,4,0.5716335314613652,0.49046935847509743
2026-05-27,2026-05-28,complete_formation_answer,exposed,overlapping-window-cluster-1,003036.SZ,泰坦股份,complete,rejected,,independent_price_anomaly,公司改善事实存在，但形成日前价格已经明显扩张或处高位，剩余路径透支反证强。,rejected,,no_skill_modification_counterexamples_not_separated,True,True,True,7,0.6650302974092621,0.48405219751908657
2026-05-27,2026-05-28,complete_formation_answer,exposed,overlapping-window-cluster-1,300069.SZ,金利华电,complete,rejected,,independent_price_anomaly,公司改善事实存在，但形成日前价格已经明显扩张或处高位，剩余路径透支反证强。,rejected,,no_skill_modification_counterexamples_not_separated,True,False,False,,-0.007765151515151558,-0.3992424242424242
2026-05-27,2026-05-28,complete_formation_answer,exposed,overlapping-window-cluster-1,300162.SZ,雷曼光电,complete,rejected,,unresolved,只有公告标题或非核心公司变化，正文材料性和对主营传导不足，不能由价格异动补写因果。,rejected,,no_skill_modification_counterexamples_not_separated,True,False,False,,0.11577964519140993,-0.05602240896358557
2026-05-27,2026-05-28,complete_formation_answer,exposed,overlapping-window-cluster-1,300196.SZ,长海股份,complete,rejected,,sector_diffusion,形成日存在部分公司和价格支持，但变化新鲜度、材料性或相对最终入选股的增量优势不足。,rejected,,no_skill_modification_counterexamples_not_separated,True,True,True,15,0.37975742367210374,0.3387703889585947
2026-05-27,2026-05-28,complete_formation_answer,exposed,overlapping-window-cluster-1,300235.SZ,方直科技,complete,rejected,,unresolved,只有公告标题或非核心公司变化，正文材料性和对主营传导不足，不能由价格异动补写因果。,rejected,,no_skill_modification_counterexamples_not_separated,True,False,False,,0.08856926570779722,-0.015140045420136361
2026-05-27,2026-05-28,complete_formation_answer,exposed,overlapping-window-cluster-1,300373.SZ,扬杰科技,complete,rejected,,sector_diffusion,公司改善事实存在，但形成日前价格已经明显扩张或处高位，剩余路径透支反证强。,rejected,,no_skill_modification_counterexamples_not_separated,True,True,True,18,0.24052346570397098,0.24052346570397098
2026-05-27,2026-05-28,complete_formation_answer,exposed,overlapping-window-cluster-1,300525.SZ,博思软件,complete,rejected,,company_catalyst,公司改善事实存在，但形成日市场识别不足，尚不能证明未来20日已有可操作路径。,rejected,,no_skill_modification_counterexamples_not_separated,True,False,False,,0.09043533953052973,-0.11028595357850257
2026-05-27,2026-05-28,complete_formation_answer,exposed,overlapping-window-cluster-1,300565.SZ,科信技术,complete,rejected,,company_catalyst,公司改善事实存在，但形成日市场识别不足，尚不能证明未来20日已有可操作路径。,rejected,,no_skill_modification_counterexamples_not_separated,True,False,False,,0.040590405904058935,-0.19188191881918826
2026-05-27,2026-05-28,complete_formation_answer,exposed,overlapping-window-cluster-1,300611.SZ,美力科技,complete,rejected,,company_catalyst,形成日存在部分公司和价格支持，但变化新鲜度、材料性或相对最终入选股的增量优势不足。,rejected,,no_skill_modification_counterexamples_not_separated,True,False,False,,0.021781490694383177,-0.10781208886849858
2026-05-27,2026-05-28,complete_formation_answer,exposed,overlapping-window-cluster-1,300672.SZ,国科微,complete,rejected,,independent_price_anomaly,公司改善事实存在，但形成日前价格已经明显扩张或处高位，剩余路径透支反证强。,rejected,,no_skill_modification_counterexamples_not_separated,True,False,False,,-0.007094017094017024,-0.12150997150997134
2026-05-27,2026-05-28,complete_formation_answer,exposed,overlapping-window-cluster-1,300795.SZ,米奥会展,complete,rejected,,independent_price_anomaly,形成日存在部分公司和价格支持，但变化新鲜度、材料性或相对最终入选股的增量优势不足。,rejected,,no_skill_modification_counterexamples_not_separated,True,False,False,,0.023191094619666064,-0.19480519480519487
2026-05-27,2026-05-28,complete_formation_answer,exposed,overlapping-window-cluster-1,300825.SZ,阿尔特,complete,rejected,,unresolved,只有公告标题或非核心公司变化，正文材料性和对主营传导不足，不能由价格异动补写因果。,rejected,,no_skill_modification_counterexamples_not_separated,True,True,True,12,0.3687943262411346,0.30260047281323876
2026-05-27,2026-05-28,complete_formation_answer,exposed,overlapping-window-cluster-1,300831.SZ,ST派瑞,incomplete_future_prices,rejected,,sector_diffusion,公司改善事实存在，但形成日前价格已经明显扩张或处高位，剩余路径透支反证强。,rejected,,no_skill_modification_counterexamples_not_separated,,,,,-0.008108108108107914,
2026-05-27,2026-05-28,complete_formation_answer,exposed,overlapping-window-cluster-1,300835.SZ,龙磁科技,complete,rejected,,independent_price_anomaly,公司改善事实存在，但形成日前价格已经明显扩张或处高位，剩余路径透支反证强。,rejected,,no_skill_modification_counterexamples_not_separated,True,True,True,7,0.48492491787893033,0.48492491787893033
2026-05-27,2026-05-28,complete_formation_answer,exposed,overlapping-window-cluster-1,300883.SZ,龙利得,complete,rejected,,unresolved,只有公告标题或非核心公司变化，正文材料性和对主营传导不足，不能由价格异动补写因果。,rejected,,no_skill_modification_counterexamples_not_separated,True,False,False,,0.0,-0.06851311953352768
2026-05-27,2026-05-28,complete_formation_answer,exposed,overlapping-window-cluster-1,300887.SZ,谱尼测试,complete,rejected,,company_catalyst,公司改善事实存在，但形成日市场识别不足，尚不能证明未来20日已有可操作路径。,rejected,,no_skill_modification_counterexamples_not_separated,True,False,False,,0.09263657957244642,-0.1330166270783848
2026-05-27,2026-05-28,complete_formation_answer,exposed,overlapping-window-cluster-1,300939.SZ,秋田微,complete,rejected,,independent_price_anomaly,价格异动已被发现，但缺少形成日前可确认的公司原因与持续传导。,rejected,,no_skill_modification_counterexamples_not_separated,True,False,False,,0.08581090601662678,-0.04663942510920116
2026-05-27,2026-05-28,complete_formation_answer,exposed,overlapping-window-cluster-1,300959.SZ,线上线下,complete,rejected,,independent_price_anomaly,价格异动已被发现，但缺少形成日前可确认的公司原因与持续传导。,rejected,,no_skill_modification_counterexamples_not_separated,True,False,False,,0.014244500540930405,-0.3179769203029209
2026-05-27,2026-05-28,complete_formation_answer,exposed,overlapping-window-cluster-1,300975.SZ,商络电子,complete,rejected,,sector_diffusion,公司改善事实存在，但形成日前价格已经明显扩张或处高位，剩余路径透支反证强。,rejected,,no_skill_modification_counterexamples_not_separated,True,True,True,3,0.41930959462165474,0.3397133890732664
2026-05-27,2026-05-28,complete_formation_answer,exposed,overlapping-window-cluster-1,301217.SZ,铜冠铜箔,complete,rejected,,independent_price_anomaly,公司改善事实存在，但形成日前价格已经明显扩张或处高位，剩余路径透支反证强。,rejected,,no_skill_modification_counterexamples_not_separated,True,True,True,11,0.9517907680296673,0.7885234702839858
2026-05-27,2026-05-28,complete_formation_answer,exposed,overlapping-window-cluster-1,301305.SZ,朗坤科技,complete,rejected,,independent_price_anomaly,形成日存在部分公司和价格支持，但变化新鲜度、材料性或相对最终入选股的增量优势不足。,rejected,,no_skill_modification_counterexamples_not_separated,True,False,False,,0.09447771124417814,0.01962741184298067
2026-05-27,2026-05-28,complete_formation_answer,exposed,overlapping-window-cluster-1,301377.SZ,鼎泰高科,complete,rejected,,independent_price_anomaly,公司改善事实存在，但形成日前价格已经明显扩张或处高位，剩余路径透支反证强。,rejected,,no_skill_modification_counterexamples_not_separated,True,True,True,8,0.917999418435592,0.8624600174469323
2026-05-27,2026-05-28,complete_formation_answer,exposed,overlapping-window-cluster-1,301591.SZ,肯特股份,complete,rejected,,independent_price_anomaly,只有公告标题或非核心公司变化，正文材料性和对主营传导不足，不能由价格异动补写因果。,rejected,,no_skill_modification_counterexamples_not_separated,True,True,True,3,0.4502499999999998,0.38225
2026-05-27,2026-05-28,complete_formation_answer,exposed,overlapping-window-cluster-1,600584.SH,长电科技,complete,rejected,,sector_diffusion,板块共同动力存在，但公司增量和独立价格路径不足。,rejected,,no_skill_modification_counterexamples_not_separated,True,True,True,20,0.25629359042867295,0.25629359042867295
2026-05-27,2026-05-28,complete_formation_answer,exposed,overlapping-window-cluster-1,603005.SH,晶方科技,complete,rejected,,sector_diffusion,形成日存在部分公司和价格支持，但变化新鲜度、材料性或相对最终入选股的增量优势不足。,rejected,,no_skill_modification_counterexamples_not_separated,True,False,False,,0.1938872970391594,0.1938872970391594
2026-05-27,2026-05-28,complete_formation_answer,exposed,overlapping-window-cluster-1,603256.SH,宏和科技,complete,rejected,,sector_diffusion,公司改善事实存在，但形成日前价格已经明显扩张或处高位，剩余路径透支反证强。,rejected,,no_skill_modification_counterexamples_not_separated,True,True,True,13,0.5296488737781555,0.5296488737781555
2026-05-27,2026-05-28,complete_formation_answer,exposed,overlapping-window-cluster-1,603663.SH,三祥新材,complete,rejected,,independent_price_anomaly,公司改善事实存在，但形成日前价格已经明显扩张或处高位，剩余路径透支反证强。,rejected,,no_skill_modification_counterexamples_not_separated,True,True,True,14,0.604978354978355,0.5534941249226963
2026-05-27,2026-05-28,complete_formation_answer,exposed,overlapping-window-cluster-1,603989.SH,艾华集团,complete,rejected,,sector_diffusion,公司改善事实存在，但形成日前价格已经明显扩张或处高位，剩余路径透支反证强。,rejected,,no_skill_modification_counterexamples_not_separated,True,True,True,17,0.5300313122687161,0.5300313122687161
2026-05-27,2026-05-28,complete_formation_answer,exposed,overlapping-window-cluster-1,605006.SH,山东玻纤,complete,rejected,,sector_diffusion,公司改善事实存在，但形成日前价格已经明显扩张或处高位，剩余路径透支反证强。,rejected,,no_skill_modification_counterexamples_not_separated,True,True,True,11,0.4606741573033708,0.33202247191011236
2026-05-27,2026-05-28,complete_formation_answer,exposed,overlapping-window-cluster-1,605111.SH,新洁能,complete,rejected,,sector_diffusion,板块共同动力存在，但公司增量和独立价格路径不足。,rejected,,no_skill_modification_counterexamples_not_separated,True,False,False,,0.1454692262661741,0.1454692262661741
2026-06-10,2026-06-11,complete_formation_answer,unexposed,overlapping-window-cluster-1,000608.SZ,阳光股份,future_unopened,rejected,,independent_price_anomaly,价格异动已被发现，但缺少形成日前可确认的公司原因与持续传导。,rejected,,no_skill_modification_counterexamples_not_separated,,,,,,
2026-06-10,2026-06-11,complete_formation_answer,unexposed,overlapping-window-cluster-1,000636.SZ,风华高科,future_unopened,rejected,,independent_price_anomaly,公司改善事实存在，但结合变化新鲜度、材料性、价格识别、透支反证和同日替代比较，尚未达到最终入选标准；不依赖单一涨幅窗口判断。,rejected,,no_skill_modification_counterexamples_not_separated,,,,,,
2026-06-10,2026-06-11,complete_formation_answer,unexposed,overlapping-window-cluster-1,000970.SZ,中科三环,future_unopened,rejected,,independent_price_anomaly,公司改善事实存在，但结合变化新鲜度、材料性、价格识别、透支反证和同日替代比较，尚未达到最终入选标准；不依赖单一涨幅窗口判断。,rejected,,no_skill_modification_counterexamples_not_separated,,,,,,
2026-06-10,2026-06-11,complete_formation_answer,unexposed,overlapping-window-cluster-1,001369.SZ,双欣材料,future_unopened,rejected,,sector_diffusion,公司改善事实存在，但结合变化新鲜度、材料性、价格识别、透支反证和同日替代比较，尚未达到最终入选标准；不依赖单一涨幅窗口判断。,rejected,,no_skill_modification_counterexamples_not_separated,,,,,,
2026-06-10,2026-06-11,complete_formation_answer,unexposed,overlapping-window-cluster-1,001696.SZ,宗申动力,future_unopened,rejected,,independent_price_anomaly,公司改善事实存在，但结合变化新鲜度、材料性、价格识别、透支反证和同日替代比较，尚未达到最终入选标准；不依赖单一涨幅窗口判断。,rejected,,no_skill_modification_counterexamples_not_separated,,,,,,
2026-06-10,2026-06-11,complete_formation_answer,unexposed,overlapping-window-cluster-1,002119.SZ,康强电子,future_unopened,rejected,,sector_diffusion,只有公告标题或非核心公司变化，正文材料性和对主营传导不足，不能由价格异动补写因果。,rejected,,no_skill_modification_counterexamples_not_separated,,,,,,
2026-06-10,2026-06-11,complete_formation_answer,unexposed,overlapping-window-cluster-1,002141.SZ,贤丰控股,future_unopened,rejected,,independent_price_anomaly,公司改善事实存在，但结合变化新鲜度、材料性、价格识别、透支反证和同日替代比较，尚未达到最终入选标准；不依赖单一涨幅窗口判断。,rejected,,no_skill_modification_counterexamples_not_separated,,,,,,
2026-06-10,2026-06-11,complete_formation_answer,unexposed,overlapping-window-cluster-1,002254.SZ,泰和新材,future_unopened,rejected,,sector_diffusion,只有公告标题或非核心公司变化，正文材料性和对主营传导不足，不能由价格异动补写因果。,rejected,,no_skill_modification_counterexamples_not_separated,,,,,,
2026-06-10,2026-06-11,complete_formation_answer,unexposed,overlapping-window-cluster-1,002354.SZ,天娱数科,future_unopened,rejected,,company_catalyst,一季度业绩改善明确，但短中窗口均快速扩张并处高位，不是降温后被过度淘汰。,rejected,,no_skill_modification_counterexamples_not_separated,,,,,,
2026-06-10,2026-06-11,complete_formation_answer,unexposed,overlapping-window-cluster-1,002362.SZ,汉王科技,future_unopened,rejected,,independent_price_anomaly,价格异动已被发现，但缺少形成日前可确认的公司原因与持续传导。,rejected,,no_skill_modification_counterexamples_not_separated,,,,,,
2026-06-10,2026-06-11,complete_formation_answer,unexposed,overlapping-window-cluster-1,002636.SZ,金安国纪,future_unopened,rejected,,company_catalyst,收入与利润增长真实，但近期仍快速拉升且处高位，催化已被大幅交易。,rejected,,no_skill_modification_counterexamples_not_separated,,,,,,
2026-06-10,2026-06-11,complete_formation_answer,unexposed,overlapping-window-cluster-1,003026.SZ,中晶科技,future_unopened,rejected,,sector_diffusion,公司改善事实存在，但结合变化新鲜度、材料性、价格识别、透支反证和同日替代比较，尚未达到最终入选标准；不依赖单一涨幅窗口判断。,rejected,,no_skill_modification_counterexamples_not_separated,,,,,,
2026-06-10,2026-06-11,complete_formation_answer,unexposed,overlapping-window-cluster-1,300036.SZ,超图软件,future_unopened,rejected,,company_catalyst,历史财务口径冲突，较新口径的收入明显下降，回购标题不足以建立未来20日传导。,rejected,,no_skill_modification_counterexamples_not_separated,,,,,,
2026-06-10,2026-06-11,complete_formation_answer,unexposed,overlapping-window-cluster-1,300334.SZ,津膜科技,future_unopened,rejected,,independent_price_anomaly,公司改善事实存在，但结合变化新鲜度、材料性、价格识别、透支反证和同日替代比较，尚未达到最终入选标准；不依赖单一涨幅窗口判断。,rejected,,no_skill_modification_counterexamples_not_separated,,,,,,
2026-06-10,2026-06-11,complete_formation_answer,unexposed,overlapping-window-cluster-1,300346.SZ,南大光电,future_unopened,rejected,,sector_diffusion,公司改善事实存在，但结合变化新鲜度、材料性、价格识别、透支反证和同日替代比较，尚未达到最终入选标准；不依赖单一涨幅窗口判断。,rejected,,no_skill_modification_counterexamples_not_separated,,,,,,
2026-06-10,2026-06-11,complete_formation_answer,unexposed,overlapping-window-cluster-1,300691.SZ,联合光电,future_unopened,selected,,company_catalyst,形成日可见的一季度收入、利润与经营现金流同向改善，回购与重组进展仍在延续；价格刚出现温和相对识别，中窗口尚未扩张，弱市中的独立路径优于同日加速候选。,selected,,no_skill_modification_counterexamples_not_separated,,,,,,
2026-06-10,2026-06-11,complete_formation_answer,unexposed,overlapping-window-cluster-1,300787.SZ,海能实业,future_unopened,rejected,,company_catalyst,一季度主营增长存在，但形成日价格与成交未提供必要识别，回购标题不足以替代市场路径。,rejected,,no_skill_modification_counterexamples_not_separated,,,,,,
2026-06-10,2026-06-11,complete_formation_answer,unexposed,overlapping-window-cluster-1,301013.SZ,利和兴,future_unopened,rejected,,independent_price_anomaly,公司改善事实存在，但结合变化新鲜度、材料性、价格识别、透支反证和同日替代比较，尚未达到最终入选标准；不依赖单一涨幅窗口判断。,rejected,,no_skill_modification_counterexamples_not_separated,,,,,,
2026-06-10,2026-06-11,complete_formation_answer,unexposed,overlapping-window-cluster-1,301186.SZ,超达装备,future_unopened,rejected,,company_catalyst,公司改善事实存在，但结合变化新鲜度、材料性、价格识别、透支反证和同日替代比较，尚未达到最终入选标准；不依赖单一涨幅窗口判断。,rejected,,no_skill_modification_counterexamples_not_separated,,,,,,
2026-06-10,2026-06-11,complete_formation_answer,unexposed,overlapping-window-cluster-1,301313.SZ,凡拓数创,future_unopened,rejected,,independent_price_anomaly,公司改善事实存在，但结合变化新鲜度、材料性、价格识别、透支反证和同日替代比较，尚未达到最终入选标准；不依赖单一涨幅窗口判断。,rejected,,no_skill_modification_counterexamples_not_separated,,,,,,
2026-06-10,2026-06-11,complete_formation_answer,unexposed,overlapping-window-cluster-1,301319.SZ,唯特偶,future_unopened,rejected,,independent_price_anomaly,公司改善事实存在，但结合变化新鲜度、材料性、价格识别、透支反证和同日替代比较，尚未达到最终入选标准；不依赖单一涨幅窗口判断。,rejected,,no_skill_modification_counterexamples_not_separated,,,,,,
2026-06-10,2026-06-11,complete_formation_answer,unexposed,overlapping-window-cluster-1,301592.SZ,六九一二,future_unopened,rejected,,company_catalyst,收购意向只有标题且材料性未知，财务与现金流口径互相冲突，关键因果不足。,rejected,,no_skill_modification_counterexamples_not_separated,,,,,,
2026-06-10,2026-06-11,complete_formation_answer,unexposed,overlapping-window-cluster-1,301630.SZ,同宇新材,future_unopened,rejected,,sector_diffusion,公司改善事实存在，但结合变化新鲜度、材料性、价格识别、透支反证和同日替代比较，尚未达到最终入选标准；不依赖单一涨幅窗口判断。,rejected,,no_skill_modification_counterexamples_not_separated,,,,,,
2026-06-10,2026-06-11,complete_formation_answer,unexposed,overlapping-window-cluster-1,600063.SH,皖维高新,future_unopened,rejected,,sector_diffusion,只有公告标题或非核心公司变化，正文材料性和对主营传导不足，不能由价格异动补写因果。,rejected,,no_skill_modification_counterexamples_not_separated,,,,,,
2026-06-10,2026-06-11,complete_formation_answer,unexposed,overlapping-window-cluster-1,600228.SH,返利科技,future_unopened,rejected,,independent_price_anomaly,只有公告标题或非核心公司变化，正文材料性和对主营传导不足，不能由价格异动补写因果。,rejected,,no_skill_modification_counterexamples_not_separated,,,,,,
2026-06-10,2026-06-11,complete_formation_answer,unexposed,overlapping-window-cluster-1,600367.SH,红星发展,future_unopened,rejected,,independent_price_anomaly,价格异动已被发现，但缺少形成日前可确认的公司原因与持续传导。,rejected,,no_skill_modification_counterexamples_not_separated,,,,,,
2026-06-10,2026-06-11,complete_formation_answer,unexposed,overlapping-window-cluster-1,600579.SH,中化装备,future_unopened,rejected,,independent_price_anomaly,只有公告标题或非核心公司变化，正文材料性和对主营传导不足，不能由价格异动补写因果。,rejected,,no_skill_modification_counterexamples_not_separated,,,,,,
2026-06-10,2026-06-11,complete_formation_answer,unexposed,overlapping-window-cluster-1,601398.SH,工商银行,future_unopened,rejected,,sector_diffusion,公司改善事实存在，但结合变化新鲜度、材料性、价格识别、透支反证和同日替代比较，尚未达到最终入选标准；不依赖单一涨幅窗口判断。,rejected,,no_skill_modification_counterexamples_not_separated,,,,,,
2026-06-10,2026-06-11,complete_formation_answer,unexposed,overlapping-window-cluster-1,601939.SH,建设银行,future_unopened,rejected,,sector_diffusion,公司改善事实存在，但结合变化新鲜度、材料性、价格识别、透支反证和同日替代比较，尚未达到最终入选标准；不依赖单一涨幅窗口判断。,rejected,,no_skill_modification_counterexamples_not_separated,,,,,,
2026-06-10,2026-06-11,complete_formation_answer,unexposed,overlapping-window-cluster-1,601988.SH,中国银行,future_unopened,rejected,,sector_diffusion,公司改善事实存在，但结合变化新鲜度、材料性、价格识别、透支反证和同日替代比较，尚未达到最终入选标准；不依赖单一涨幅窗口判断。,rejected,,no_skill_modification_counterexamples_not_separated,,,,,,
2026-06-10,2026-06-11,complete_formation_answer,unexposed,overlapping-window-cluster-1,603078.SH,江化微,future_unopened,rejected,,sector_diffusion,公司改善事实存在，但结合变化新鲜度、材料性、价格识别、透支反证和同日替代比较，尚未达到最终入选标准；不依赖单一涨幅窗口判断。,rejected,,no_skill_modification_counterexamples_not_separated,,,,,,
2026-06-10,2026-06-11,complete_formation_answer,unexposed,overlapping-window-cluster-1,603311.SH,金海高科,future_unopened,rejected,,independent_price_anomaly,公司改善事实存在，但结合变化新鲜度、材料性、价格识别、透支反证和同日替代比较，尚未达到最终入选标准；不依赖单一涨幅窗口判断。,rejected,,no_skill_modification_counterexamples_not_separated,,,,,,
2026-06-10,2026-06-11,complete_formation_answer,unexposed,overlapping-window-cluster-1,603823.SH,百合花,future_unopened,rejected,,independent_price_anomaly,价格异动已被发现，但缺少形成日前可确认的公司原因与持续传导。,rejected,,no_skill_modification_counterexamples_not_separated,,,,,,
2026-06-10,2026-06-11,complete_formation_answer,unexposed,overlapping-window-cluster-1,603929.SH,亚翔集成,future_unopened,rejected,,company_catalyst,境外项目与结算回款推动业绩增长，但形成日近期价格仍在快速加速、成交显著放大且处高位，明显透支反证强于入选股。,rejected,,no_skill_modification_counterexamples_not_separated,,,,,,
2026-06-10,2026-06-11,complete_formation_answer,unexposed,overlapping-window-cluster-1,605358.SH,立昂微,future_unopened,rejected,,sector_diffusion,公司改善事实存在，但结合变化新鲜度、材料性、价格识别、透支反证和同日替代比较，尚未达到最终入选标准；不依赖单一涨幅窗口判断。,rejected,,no_skill_modification_counterexamples_not_separated,,,,,,
2026-06-17,2026-06-18,complete_formation_answer,exposed,overlapping-window-cluster-1,000032.SZ,深桑达A,complete,rejected,,independent_price_anomaly,价格异动已被发现，但缺少形成日前可确认的公司原因与持续传导。,rejected,,no_skill_modification_counterexamples_not_separated,True,False,False,,0.09978586723768723,-0.2633832976445397
2026-06-17,2026-06-18,complete_formation_answer,exposed,overlapping-window-cluster-1,000636.SZ,风华高科,complete,rejected,,sector_diffusion,公司改善事实存在，但形成日前价格已经明显扩张或处高位，剩余路径透支反证强。,rejected,,no_skill_modification_counterexamples_not_separated,True,False,False,,0.12265734265734274,-0.2758013230416785
2026-06-17,2026-06-18,complete_formation_answer,exposed,overlapping-window-cluster-1,000777.SZ,中核科技,complete,rejected,,independent_price_anomaly,只有公告标题或非核心公司变化，正文材料性和对主营传导不足，不能由价格异动补写因果。,rejected,,no_skill_modification_counterexamples_not_separated,True,False,False,,-0.038141809290953455,-0.2097688413129457
2026-06-17,2026-06-18,complete_formation_answer,exposed,overlapping-window-cluster-1,002080.SZ,中材科技,complete,rejected,,sector_diffusion,公司改善事实存在，但形成日前价格已经明显扩张或处高位，剩余路径透支反证强。,rejected,,no_skill_modification_counterexamples_not_separated,True,False,False,,0.18747720364741638,-0.2600607902735562
2026-06-17,2026-06-18,complete_formation_answer,exposed,overlapping-window-cluster-1,002160.SZ,常铝股份,complete,rejected,,independent_price_anomaly,形成日存在部分公司和价格支持，但变化新鲜度、材料性或相对最终入选股的增量优势不足。,rejected,,no_skill_modification_counterexamples_not_separated,True,False,False,,-0.02844638949671774,-0.20350109409190376
2026-06-17,2026-06-18,complete_formation_answer,exposed,overlapping-window-cluster-1,002303.SZ,美盈森,complete,rejected,,independent_price_anomaly,只有公告标题或非核心公司变化，正文材料性和对主营传导不足，不能由价格异动补写因果。,rejected,,no_skill_modification_counterexamples_not_separated,True,True,True,16,0.36372039919030663,0.36372039919030663
2026-06-17,2026-06-18,complete_formation_answer,exposed,overlapping-window-cluster-1,002636.SZ,金安国纪,complete,rejected,,independent_price_anomaly,公司改善事实存在，但形成日前价格已经明显扩张或处高位，剩余路径透支反证强。,rejected,,no_skill_modification_counterexamples_not_separated,True,True,True,2,0.26898667230801765,-0.052781891262957625
2026-06-17,2026-06-18,complete_formation_answer,exposed,overlapping-window-cluster-1,003036.SZ,泰坦股份,complete,rejected,,independent_price_anomaly,公司改善事实存在，但形成日前价格已经明显扩张或处高位，剩余路径透支反证强。,rejected,,no_skill_modification_counterexamples_not_separated,True,False,False,,0.03711340206185554,-0.3169072164948453
2026-06-17,2026-06-18,complete_formation_answer,exposed,overlapping-window-cluster-1,300014.SZ,亿纬锂能,complete,selected,,company_catalyst,半年度收入约增60%、净利润预增95%—110%的直接变化在形成日前可见；5日开始识别、20日尚未大幅扩张，位置与成交仍支持剩余路径。,selected,,no_skill_modification_counterexamples_not_separated,True,False,False,,0.05402971634398934,-0.22542398319075485
2026-06-17,2026-06-18,complete_formation_answer,exposed,overlapping-window-cluster-1,300059.SZ,东方财富,complete,rejected,,company_catalyst,公司改善事实存在，但形成日市场识别不足，尚不能证明未来20日已有可操作路径。,rejected,,no_skill_modification_counterexamples_not_separated,True,False,False,,0.13192612137203152,0.045910290237467066
2026-06-17,2026-06-18,complete_formation_answer,exposed,overlapping-window-cluster-1,300119.SZ,瑞普生物,complete,rejected,,unresolved,只有公告标题或非核心公司变化，正文材料性和对主营传导不足，不能由价格异动补写因果。,rejected,,no_skill_modification_counterexamples_not_separated,True,False,False,,0.07450980392156858,0.07450980392156858
2026-06-17,2026-06-18,complete_formation_answer,exposed,overlapping-window-cluster-1,300401.SZ,花园生物,complete,rejected,,independent_price_anomaly,价格异动已被发现，但缺少形成日前可确认的公司原因与持续传导。,rejected,,no_skill_modification_counterexamples_not_separated,True,True,True,3,0.30417149478563155,-0.145422943221321
2026-06-17,2026-06-18,complete_formation_answer,exposed,overlapping-window-cluster-1,300457.SZ,赢合科技,complete,rejected,,unresolved,收购标题和此前财务改善值得验证，但收购材料性正文未知，形成日成交与中期价格尚未提供必要识别。,rejected,,no_skill_modification_counterexamples_not_separated,True,False,False,,-0.055977608956417346,-0.254298280687725
2026-06-17,2026-06-18,complete_formation_answer,exposed,overlapping-window-cluster-1,300570.SZ,太辰光,complete,rejected,,independent_price_anomaly,价格异动已被发现，但缺少形成日前可确认的公司原因与持续传导。,rejected,,no_skill_modification_counterexamples_not_separated,True,False,False,,0.061056603773584905,-0.3148853016925056
2026-06-17,2026-06-18,complete_formation_answer,exposed,overlapping-window-cluster-1,300666.SZ,江丰电子,complete,rejected,,sector_diffusion,公司改善事实存在，但形成日前价格已经明显扩张或处高位，剩余路径透支反证强。,rejected,,no_skill_modification_counterexamples_not_separated,True,True,True,7,0.30754691955699975,-0.20419125936733207
2026-06-17,2026-06-18,complete_formation_answer,exposed,overlapping-window-cluster-1,300705.SZ,九典制药,complete,rejected,,unresolved,只有公告标题或非核心公司变化，正文材料性和对主营传导不足，不能由价格异动补写因果。,rejected,,no_skill_modification_counterexamples_not_separated,True,False,False,,0.12023460410557174,0.12023460410557174
2026-06-17,2026-06-18,complete_formation_answer,exposed,overlapping-window-cluster-1,300706.SZ,阿石创,complete,rejected,,sector_diffusion,公司改善事实存在，但形成日前价格已经明显扩张或处高位，剩余路径透支反证强。,rejected,,no_skill_modification_counterexamples_not_separated,True,True,True,7,0.24162162162162137,-0.251891891891892
2026-06-17,2026-06-18,complete_formation_answer,exposed,overlapping-window-cluster-1,300726.SZ,宏达电子,complete,rejected,,company_catalyst,公司盈利变化真实，但5日与20日均已大幅上涨并处60日高位，剩余路径透支反证强。,rejected,,no_skill_modification_counterexamples_not_separated,True,False,False,,0.09999999999999987,-0.3413253012048193
2026-06-17,2026-06-18,complete_formation_answer,exposed,overlapping-window-cluster-1,300903.SZ,科翔股份,complete,rejected,,sector_diffusion,公司改善事实存在，但形成日前价格已经明显扩张或处高位，剩余路径透支反证强。,rejected,,no_skill_modification_counterexamples_not_separated,True,False,False,,0.12800240192153733,-0.24099279423538822
2026-06-17,2026-06-18,complete_formation_answer,exposed,overlapping-window-cluster-1,301098.SZ,金埔园林,complete,rejected,,unresolved,只有公告标题或非核心公司变化，正文材料性和对主营传导不足，不能由价格异动补写因果。,rejected,,no_skill_modification_counterexamples_not_separated,True,False,False,,0.11938534278959811,-0.06973995271867617
2026-06-17,2026-06-18,complete_formation_answer,exposed,overlapping-window-cluster-1,301176.SZ,逸豪新材,complete,rejected,,sector_diffusion,公司改善事实存在，但形成日前价格已经明显扩张或处高位，剩余路径透支反证强。,rejected,,no_skill_modification_counterexamples_not_separated,True,False,False,,0.004470558181121298,-0.2566100395963724
2026-06-17,2026-06-18,complete_formation_answer,exposed,overlapping-window-cluster-1,301188.SZ,力诺药包,complete,rejected,,independent_price_anomaly,公司改善事实存在，但形成日前价格已经明显扩张或处高位，剩余路径透支反证强。,rejected,,no_skill_modification_counterexamples_not_separated,True,False,False,,0.04786450662739328,-0.4004418262150221
2026-06-17,2026-06-18,complete_formation_answer,exposed,overlapping-window-cluster-1,301223.SZ,中荣股份,complete,rejected,,company_catalyst,公司改善事实存在，但形成日市场识别不足，尚不能证明未来20日已有可操作路径。,rejected,,no_skill_modification_counterexamples_not_separated,True,False,False,,0.03858120721841951,0.03671437461107652
2026-06-17,2026-06-18,complete_formation_answer,exposed,overlapping-window-cluster-1,301321.SZ,翰博高新,complete,rejected,,company_catalyst,此前业绩改善存在，但价格已明显扩张并处高位，同时回购股份减持构成供给反证。,rejected,,no_skill_modification_counterexamples_not_separated,True,True,True,14,0.3485933503836316,0.07416879795396425
2026-06-17,2026-06-18,complete_formation_answer,exposed,overlapping-window-cluster-1,301373.SZ,凌玮科技,complete,rejected,,independent_price_anomaly,公司改善事实存在，但形成日前价格已经明显扩张或处高位，剩余路径透支反证强。,rejected,,no_skill_modification_counterexamples_not_separated,True,False,False,,0.09568248257252088,-0.40516078255003374
2026-06-17,2026-06-18,complete_formation_answer,exposed,overlapping-window-cluster-1,301377.SZ,鼎泰高科,complete,rejected,,independent_price_anomaly,价格异动已被发现，但缺少形成日前可确认的公司原因与持续传导。,rejected,,no_skill_modification_counterexamples_not_separated,True,False,False,,0.15699000175407818,-0.18752850377126828
2026-06-17,2026-06-18,complete_formation_answer,exposed,overlapping-window-cluster-1,301526.SZ,国际复材,complete,rejected,,sector_diffusion,公司改善事实存在，但形成日前价格已经明显扩张或处高位，剩余路径透支反证强。,rejected,,no_skill_modification_counterexamples_not_separated,True,True,True,5,0.32295621361680604,-0.11886122238804675
2026-06-17,2026-06-18,complete_formation_answer,exposed,overlapping-window-cluster-1,600176.SH,中国巨石,complete,rejected,,sector_diffusion,公司改善事实存在，但形成日前价格已经明显扩张或处高位，剩余路径透支反证强。,rejected,,no_skill_modification_counterexamples_not_separated,True,True,True,4,0.398490566037736,-0.09981132075471699
2026-06-17,2026-06-18,complete_formation_answer,exposed,overlapping-window-cluster-1,600206.SH,有研新材,complete,rejected,,sector_diffusion,公司改善事实存在，但形成日前价格已经明显扩张或处高位，剩余路径透支反证强。,rejected,,no_skill_modification_counterexamples_not_separated,True,True,True,2,0.7169373549883988,0.12889920082495476
2026-06-17,2026-06-18,complete_formation_answer,exposed,overlapping-window-cluster-1,600367.SH,红星发展,complete,rejected,,independent_price_anomaly,价格异动已被发现，但缺少形成日前可确认的公司原因与持续传导。,rejected,,no_skill_modification_counterexamples_not_separated,True,False,False,,0.10783122069803763,-0.39815940267407546
2026-06-17,2026-06-18,complete_formation_answer,exposed,overlapping-window-cluster-1,603065.SH,宿迁联盛,complete,rejected,,independent_price_anomaly,价格异动已被发现，但缺少形成日前可确认的公司原因与持续传导。,rejected,,no_skill_modification_counterexamples_not_separated,True,True,True,3,0.5894665766374072,0.287643484132343
2026-06-17,2026-06-18,complete_formation_answer,exposed,overlapping-window-cluster-1,603186.SH,华正新材,complete,rejected,,sector_diffusion,公司改善事实存在，但形成日前价格已经明显扩张或处高位，剩余路径透支反证强。,rejected,,no_skill_modification_counterexamples_not_separated,True,False,False,,0.17647058823529416,-0.2076282567821648
2026-06-17,2026-06-18,complete_formation_answer,exposed,overlapping-window-cluster-1,603271.SH,永杰新材,complete,rejected,,independent_price_anomaly,公司改善事实存在，但形成日前价格已经明显扩张或处高位，剩余路径透支反证强。,rejected,,no_skill_modification_counterexamples_not_separated,True,False,False,,-0.08280254777070073,-0.18021730985387796
2026-06-17,2026-06-18,complete_formation_answer,exposed,overlapping-window-cluster-1,603738.SH,泰晶科技,complete,rejected,,sector_diffusion,公司改善事实存在，但形成日前价格已经明显扩张或处高位，剩余路径透支反证强。,rejected,,no_skill_modification_counterexamples_not_separated,True,False,False,,0.12042676652827056,-0.3588838665642048
2026-06-17,2026-06-18,complete_formation_answer,exposed,overlapping-window-cluster-1,603989.SH,艾华集团,complete,rejected,,sector_diffusion,公司改善事实存在，但形成日前价格已经明显扩张或处高位，剩余路径透支反证强。,rejected,,no_skill_modification_counterexamples_not_separated,True,True,True,4,0.3979031452820767,-0.11784733178423068
2026-06-17,2026-06-18,complete_formation_answer,exposed,overlapping-window-cluster-1,605198.SH,安德利,complete,rejected,,independent_price_anomaly,只有公告标题或非核心公司变化，正文材料性和对主营传导不足，不能由价格异动补写因果。,rejected,,no_skill_modification_counterexamples_not_separated,True,False,False,,-0.03427895981087459,-0.36060409996226916
2026-07-09,2026-07-10,complete_formation_answer,exposed,overlapping-window-cluster-1,000524.SZ,岭南控股,complete,rejected,,independent_price_anomaly,只有公告标题或非核心公司变化，正文材料性和对主营传导不足，不能由价格异动补写因果。,rejected,,no_skill_modification_counterexamples_not_separated,True,False,False,,0.06243272335845007,0.005382131324004336
2026-07-09,2026-07-10,complete_formation_answer,exposed,overlapping-window-cluster-1,000779.SZ,甘咨询,complete,rejected,,independent_price_anomaly,价格异动已被发现，但缺少形成日前可确认的公司原因与持续传导。,rejected,,no_skill_modification_counterexamples_not_separated,True,True,True,6,0.4828660436137069,0.4828660436137069
2026-07-09,2026-07-10,complete_formation_answer,exposed,overlapping-window-cluster-1,000977.SZ,浪潮信息,complete,rejected,,company_catalyst,盈利预告直接，但5日与20日已分别明显上涨且处60日高位，形成日追入的剩余路径弱于巨人网络。,rejected,,no_skill_modification_counterexamples_not_separated,True,False,False,,-0.016630434782608727,-0.16532608695652162
2026-07-09,2026-07-10,complete_formation_answer,exposed,overlapping-window-cluster-1,002077.SZ,大港股份,complete,rejected,,sector_diffusion,板块共同动力存在，但公司增量和独立价格路径不足。,rejected,,no_skill_modification_counterexamples_not_separated,True,False,False,,-0.04149999999999987,-0.37049999999999994
2026-07-09,2026-07-10,complete_formation_answer,exposed,overlapping-window-cluster-1,002185.SZ,华天科技,complete,rejected,,sector_diffusion,板块共同动力存在，但公司增量和独立价格路径不足。,rejected,,no_skill_modification_counterexamples_not_separated,True,False,False,,-0.016091954022988575,-0.3386973180076628
2026-07-09,2026-07-10,complete_formation_answer,exposed,overlapping-window-cluster-1,002396.SZ,星网锐捷,complete,rejected,,company_catalyst,数据中心业务增长真实，但短中窗口均已大幅扩张并接近高位，且部分利润来自非经常收益。,rejected,,no_skill_modification_counterexamples_not_separated,True,True,True,9,0.2094405594405595,0.014685314685314532
2026-07-09,2026-07-10,complete_formation_answer,exposed,overlapping-window-cluster-1,002456.SZ,欧菲光,complete,rejected,,unresolved,只有公告标题或非核心公司变化，正文材料性和对主营传导不足，不能由价格异动补写因果。,rejected,,no_skill_modification_counterexamples_not_separated,True,False,False,,-0.0031578947368420263,-0.15894736842105261
2026-07-09,2026-07-10,complete_formation_answer,exposed,overlapping-window-cluster-1,002546.SZ,新联电子,complete,rejected,,company_catalyst,利润预增主要来自理财和公允价值变动，不能替代主营持续改善。,rejected,,no_skill_modification_counterexamples_not_separated,True,False,False,,0.16170763260025867,0.1073738680465719
2026-07-09,2026-07-10,complete_formation_answer,exposed,overlapping-window-cluster-1,002558.SZ,巨人网络,complete,selected,,company_catalyst,新鲜业绩预告由持续运营的核心手游直接驱动，短中窗口只有适度识别，形成日仍有暑期内容催化与剩余路径。,selected,,no_skill_modification_counterexamples_not_separated,True,False,False,,0.08530465949820809,0.048745519713261576
2026-07-09,2026-07-10,complete_formation_answer,exposed,overlapping-window-cluster-1,002674.SZ,兴业科技,complete,rejected,,independent_price_anomaly,只有公告标题或非核心公司变化，正文材料性和对主营传导不足，不能由价格异动补写因果。,rejected,,no_skill_modification_counterexamples_not_separated,True,False,False,,0.11728813559322027,-0.028813559322034
2026-07-09,2026-07-10,complete_formation_answer,exposed,overlapping-window-cluster-1,002766.SZ,索菱股份,complete,rejected,,unresolved,只有公告标题或非核心公司变化，正文材料性和对主营传导不足，不能由价格异动补写因果。,rejected,,no_skill_modification_counterexamples_not_separated,True,True,True,19,0.2729885057471264,0.2729885057471264
2026-07-09,2026-07-10,complete_formation_answer,exposed,overlapping-window-cluster-1,002810.SZ,山东赫达,complete,rejected,,company_catalyst,产销量、均价和成本改善直接，但短窗口显著走弱且价格尚未提供必要识别，仍处待验证阶段。,rejected,,no_skill_modification_counterexamples_not_separated,True,False,False,,-0.005898401878439485,-0.025465452057500282
2026-07-09,2026-07-10,complete_formation_answer,exposed,overlapping-window-cluster-1,002827.SZ,高争民爆,complete,rejected,,unresolved,只有公告标题或非核心公司变化，正文材料性和对主营传导不足，不能由价格异动补写因果。,rejected,,no_skill_modification_counterexamples_not_separated,True,True,True,14,1.1991960696739614,1.1991960696739614
2026-07-09,2026-07-10,complete_formation_answer,exposed,overlapping-window-cluster-1,002841.SZ,视源股份,complete,rejected,,company_catalyst,经营增长直接，但5日已大幅加速、成交异常放大并处60日高位，追入透支反证强。,rejected,,no_skill_modification_counterexamples_not_separated,True,False,False,,-0.02635975496565801,-0.07128271765361038
2026-07-09,2026-07-10,complete_formation_answer,exposed,overlapping-window-cluster-1,300015.SZ,爱尔眼科,complete,rejected,,unresolved,只有公告标题或非核心公司变化，正文材料性和对主营传导不足，不能由价格异动补写因果。,rejected,,no_skill_modification_counterexamples_not_separated,True,False,False,,0.12799902180946354,0.08451888330359214
2026-07-09,2026-07-10,complete_formation_answer,exposed,overlapping-window-cluster-1,300227.SZ,光韵达,complete,rejected,,unresolved,只有公告标题或非核心公司变化，正文材料性和对主营传导不足，不能由价格异动补写因果。,rejected,,no_skill_modification_counterexamples_not_separated,True,False,False,,0.05500000000000016,0.05500000000000016
2026-07-09,2026-07-10,complete_formation_answer,exposed,overlapping-window-cluster-1,300348.SZ,长亮科技,complete,rejected,,unresolved,只有公告标题或非核心公司变化，正文材料性和对主营传导不足，不能由价格异动补写因果。,rejected,,no_skill_modification_counterexamples_not_separated,True,False,False,,0.16312056737588643,0.16312056737588643
2026-07-09,2026-07-10,complete_formation_answer,exposed,overlapping-window-cluster-1,300604.SZ,长川科技,complete,rejected,,sector_diffusion,数字测试机增长与规模效应真实，但20日已大幅重估并处高位，剩余路径弱于温和识别候选。,rejected,,no_skill_modification_counterexamples_not_separated,True,False,False,,-0.07189146469968388,-0.2662539515279242
2026-07-09,2026-07-10,complete_formation_answer,exposed,overlapping-window-cluster-1,300671.SZ,富满微,complete,rejected,,company_catalyst,扭亏预告存在，但20日涨幅已很大且价格接近高位，剩余路径已被明显消耗。,rejected,,no_skill_modification_counterexamples_not_separated,True,False,False,,-0.07475554620965197,-0.35695510461570823
2026-07-09,2026-07-10,complete_formation_answer,exposed,overlapping-window-cluster-1,300763.SZ,锦浪科技,complete,rejected,,unresolved,只有公告标题或非核心公司变化，正文材料性和对主营传导不足，不能由价格异动补写因果。,rejected,,no_skill_modification_counterexamples_not_separated,True,False,False,,-0.029246855584179388,-0.06485831186543412
2026-07-09,2026-07-10,complete_formation_answer,exposed,overlapping-window-cluster-1,300821.SZ,东岳硅材,complete,rejected,,independent_price_anomaly,行业供需与成本改善直接，但短中窗口均已大幅上涨并处高位，透支反证强。,rejected,,no_skill_modification_counterexamples_not_separated,True,False,False,,-0.08080463689055561,-0.4289123764064098
2026-07-09,2026-07-10,complete_formation_answer,exposed,overlapping-window-cluster-1,300898.SZ,熊猫乳品,complete,rejected,,unresolved,只有公告标题或非核心公司变化，正文材料性和对主营传导不足，不能由价格异动补写因果。,rejected,,no_skill_modification_counterexamples_not_separated,True,False,False,,0.12758996728462368,0.10850599781897485
2026-07-09,2026-07-10,complete_formation_answer,exposed,overlapping-window-cluster-1,301078.SZ,孩子王,complete,rejected,,unresolved,只有公告标题或非核心公司变化，正文材料性和对主营传导不足，不能由价格异动补写因果。,rejected,,no_skill_modification_counterexamples_not_separated,True,False,False,,0.17125382262996958,0.13761467889908263
2026-07-09,2026-07-10,complete_formation_answer,exposed,overlapping-window-cluster-1,301099.SZ,雅创电子,complete,selected,,company_catalyst,主营汽车电子、AI与存储需求共同推动净利润大幅预增，短窗口仅温和识别，直接公司传导强于同批高位数据中心候选。,selected,,no_skill_modification_counterexamples_not_separated,True,False,False,,0.05054945054945059,-0.3100528293026532
2026-07-09,2026-07-10,complete_formation_answer,exposed,overlapping-window-cluster-1,301110.SZ,青木科技,complete,rejected,,unresolved,只有公告标题或非核心公司变化，正文材料性和对主营传导不足，不能由价格异动补写因果。,rejected,,no_skill_modification_counterexamples_not_separated,True,False,False,,0.013716697441308545,0.002637826431020951
2026-07-09,2026-07-10,complete_formation_answer,exposed,overlapping-window-cluster-1,301165.SZ,锐捷网络,complete,rejected,,independent_price_anomaly,数据中心交换机增长直接，但20日已极端扩张并处高位，剩余路径明显弱于雅创电子。,rejected,,no_skill_modification_counterexamples_not_separated,True,True,True,11,0.22109158186864009,0.10249768732654951
2026-07-09,2026-07-10,complete_formation_answer,exposed,overlapping-window-cluster-1,301316.SZ,慧博云通,complete,rejected,,unresolved,只有公告标题或非核心公司变化，正文材料性和对主营传导不足，不能由价格异动补写因果。,rejected,,no_skill_modification_counterexamples_not_separated,True,False,False,,-0.017094017094016922,-0.11583445793972102
2026-07-09,2026-07-10,complete_formation_answer,exposed,overlapping-window-cluster-1,301321.SZ,翰博高新,complete,rejected,,independent_price_anomaly,只有公告标题或非核心公司变化，正文材料性和对主营传导不足，不能由价格异动补写因果。,rejected,,no_skill_modification_counterexamples_not_separated,True,False,False,,-0.138833724499007,-0.3654089185773606
2026-07-09,2026-07-10,complete_formation_answer,exposed,overlapping-window-cluster-1,301369.SZ,联动科技,complete,rejected,,sector_diffusion,订单与行业景气支持业绩增长，但价格已接近60日高位，利润材料性和剩余路径弱于最终入选候选。,rejected,,no_skill_modification_counterexamples_not_separated,True,False,False,,-0.061946527689504705,-0.4269734333290962
2026-07-09,2026-07-10,complete_formation_answer,exposed,overlapping-window-cluster-1,301379.SZ,天山电子,complete,rejected,,independent_price_anomaly,价格异动已被发现，但缺少形成日前可确认的公司原因与持续传导。,rejected,,no_skill_modification_counterexamples_not_separated,True,False,False,,-0.00611214456550635,-0.4174860483656657
2026-07-09,2026-07-10,complete_formation_answer,exposed,overlapping-window-cluster-1,600288.SH,大恒科技,complete,rejected,,independent_price_anomaly,价格异动已被发现，但缺少形成日前可确认的公司原因与持续传导。,rejected,,no_skill_modification_counterexamples_not_separated,True,False,False,,0.03932244404113727,-0.3303085299455536
2026-07-09,2026-07-10,complete_formation_answer,exposed,overlapping-window-cluster-1,600584.SH,长电科技,complete,rejected,,sector_diffusion,板块共同动力存在，但公司增量和独立价格路径不足。,rejected,,no_skill_modification_counterexamples_not_separated,True,False,False,,-0.05675973548861135,-0.3031778104335048
2026-07-09,2026-07-10,complete_formation_answer,exposed,overlapping-window-cluster-1,600756.SH,浪潮软件,complete,rejected,,independent_price_anomaly,价格异动已被发现，但缺少形成日前可确认的公司原因与持续传导。,rejected,,no_skill_modification_counterexamples_not_separated,True,True,True,16,0.23664688427299718,0.1758160237388724
2026-07-09,2026-07-10,complete_formation_answer,exposed,overlapping-window-cluster-1,603065.SH,宿迁联盛,complete,rejected,,independent_price_anomaly,价格异动已被发现，但缺少形成日前可确认的公司原因与持续传导。,rejected,,no_skill_modification_counterexamples_not_separated,True,False,False,,0.17700000000000005,-0.21150000000000002
2026-07-09,2026-07-10,complete_formation_answer,exposed,overlapping-window-cluster-1,603093.SH,南华期货,complete,rejected,,company_catalyst,盈利改善直接，但形成日价格仍走弱、成交未增强，尚未形成可操作识别。,rejected,,no_skill_modification_counterexamples_not_separated,True,False,False,,0.07252358490566047,0.06308962264150941
2026-07-09,2026-07-10,complete_formation_answer,exposed,overlapping-window-cluster-1,603137.SH,恒尚节能,complete,rejected,,independent_price_anomaly,只有公告标题或非核心公司变化，正文材料性和对主营传导不足，不能由价格异动补写因果。,rejected,,no_skill_modification_counterexamples_not_separated,True,True,True,4,0.2846320346320348,-0.09812409812409806
2026-07-09,2026-07-10,complete_formation_answer,exposed,overlapping-window-cluster-1,603162.SH,海通发展,complete,rejected,,company_catalyst,航运景气与利润预增直接，但价格仍弱且接近60日低位；没有足够事实证明市场开始识别。,rejected,,no_skill_modification_counterexamples_not_separated,True,True,True,4,0.2584147665580887,0.2584147665580887
2026-07-09,2026-07-10,complete_formation_answer,exposed,overlapping-window-cluster-1,603165.SH,荣晟环保,complete,rejected,,company_catalyst,经营效率改善存在，但价格与成交尚未确认，且部分增长来自理财收益。,rejected,,no_skill_modification_counterexamples_not_separated,True,False,False,,0.031548055759354376,0.01247248716067495
2026-07-09,2026-07-10,complete_formation_answer,exposed,overlapping-window-cluster-1,603183.SH,建研院,complete,rejected,,independent_price_anomaly,价格异动已被发现，但缺少形成日前可确认的公司原因与持续传导。,rejected,,no_skill_modification_counterexamples_not_separated,True,False,False,,0.08293838862559255,0.08293838862559255
2026-07-09,2026-07-10,complete_formation_answer,exposed,overlapping-window-cluster-1,603268.SH,松发股份,complete,selected,,company_catalyst,造船高景气、订单结构和产能释放形成直接业绩传导，价格只有适度识别；相对同类航运候选，市场已经开始确认而未极端加速。,selected,,no_skill_modification_counterexamples_not_separated,True,False,False,,0.1401786279850512,0.1401786279850512
2026-07-09,2026-07-10,complete_formation_answer,exposed,overlapping-window-cluster-1,603991.SH,领先股份,complete,rejected,,sector_diffusion,只有公告标题或非核心公司变化，正文材料性和对主营传导不足，不能由价格异动补写因果。,rejected,,no_skill_modification_counterexamples_not_separated,True,False,False,,-0.05376529381354478,-0.2546384054224827
2026-07-16,2026-07-17,complete_formation_answer,unexposed,overlapping-window-cluster-1,002252.SZ,上海莱士,future_unopened,rejected,,sector_diffusion,只有公告标题或非核心公司变化，正文材料性和对主营传导不足，不能由价格异动补写因果。,rejected,,no_skill_modification_counterexamples_not_separated,,,,,,
2026-07-16,2026-07-17,complete_formation_answer,unexposed,overlapping-window-cluster-1,002653.SZ,海思科,future_unopened,rejected,,company_catalyst,创新药销售与对外授权收入支持高增长，但中窗口已大幅扩张、价格处高位且短窗口仍在推进，剩余路径弱于金域医学。,rejected,,no_skill_modification_counterexamples_not_separated,,,,,,
2026-07-16,2026-07-17,complete_formation_answer,unexposed,overlapping-window-cluster-1,002788.SZ,鹭燕医药,future_unopened,rejected,,sector_diffusion,板块共同动力存在，但公司增量和独立价格路径不足。,rejected,,no_skill_modification_counterexamples_not_separated,,,,,,
2026-07-16,2026-07-17,complete_formation_answer,unexposed,overlapping-window-cluster-1,002900.SZ,哈三联,future_unopened,rejected,,independent_price_anomaly,价格异动已被发现，但缺少形成日前可确认的公司原因与持续传导。,rejected,,no_skill_modification_counterexamples_not_separated,,,,,,
2026-07-16,2026-07-17,complete_formation_answer,unexposed,overlapping-window-cluster-1,003001.SZ,中岩大地,future_unopened,rejected,,independent_price_anomaly,价格异动已被发现，但缺少形成日前可确认的公司原因与持续传导。,rejected,,no_skill_modification_counterexamples_not_separated,,,,,,
2026-07-16,2026-07-17,complete_formation_answer,unexposed,overlapping-window-cluster-1,003042.SZ,中农联合,future_unopened,rejected,,company_catalyst,价格异动已被发现，但缺少形成日前可确认的公司原因与持续传导。,rejected,,no_skill_modification_counterexamples_not_separated,,,,,,
2026-07-16,2026-07-17,complete_formation_answer,unexposed,overlapping-window-cluster-1,300091.SZ,*ST金灵,future_unopened,rejected,,unresolved,只有公告标题或非核心公司变化，正文材料性和对主营传导不足，不能由价格异动补写因果。,rejected,,no_skill_modification_counterexamples_not_separated,,,,,,
2026-07-16,2026-07-17,complete_formation_answer,unexposed,overlapping-window-cluster-1,300149.SZ,睿智医药,future_unopened,rejected,,sector_diffusion,板块共同动力存在，但公司增量和独立价格路径不足。,rejected,,no_skill_modification_counterexamples_not_separated,,,,,,
2026-07-16,2026-07-17,complete_formation_answer,unexposed,overlapping-window-cluster-1,300231.SZ,银信科技,future_unopened,rejected,,independent_price_anomaly,价格异动已被发现，但缺少形成日前可确认的公司原因与持续传导。,rejected,,no_skill_modification_counterexamples_not_separated,,,,,,
2026-07-16,2026-07-17,complete_formation_answer,unexposed,overlapping-window-cluster-1,300244.SZ,迪安诊断,future_unopened,rejected,,sector_diffusion,板块共同动力存在，但公司增量和独立价格路径不足。,rejected,,no_skill_modification_counterexamples_not_separated,,,,,,
2026-07-16,2026-07-17,complete_formation_answer,unexposed,overlapping-window-cluster-1,300255.SZ,常山药业,future_unopened,rejected,,independent_price_anomaly,价格异动已被发现，但缺少形成日前可确认的公司原因与持续传导。,rejected,,no_skill_modification_counterexamples_not_separated,,,,,,
2026-07-16,2026-07-17,complete_formation_answer,unexposed,overlapping-window-cluster-1,300368.SZ,汇金股份,future_unopened,rejected,,unresolved,只有公告标题或非核心公司变化，正文材料性和对主营传导不足，不能由价格异动补写因果。,rejected,,no_skill_modification_counterexamples_not_separated,,,,,,
2026-07-16,2026-07-17,complete_formation_answer,unexposed,overlapping-window-cluster-1,300534.SZ,陇神戎发,future_unopened,rejected,,independent_price_anomaly,价格异动已被发现，但缺少形成日前可确认的公司原因与持续传导。,rejected,,no_skill_modification_counterexamples_not_separated,,,,,,
2026-07-16,2026-07-17,complete_formation_answer,unexposed,overlapping-window-cluster-1,300759.SZ,康龙化成,future_unopened,rejected,,company_catalyst,主营收入与经调整利润增长存在，但中窗口已大幅重估，短窗口仍在加速且位置较高。,rejected,,no_skill_modification_counterexamples_not_separated,,,,,,
2026-07-16,2026-07-17,complete_formation_answer,unexposed,overlapping-window-cluster-1,300805.SZ,电声股份,future_unopened,rejected,,independent_price_anomaly,只有公告标题或非核心公司变化，正文材料性和对主营传导不足，不能由价格异动补写因果。,rejected,,no_skill_modification_counterexamples_not_separated,,,,,,
2026-07-16,2026-07-17,complete_formation_answer,unexposed,overlapping-window-cluster-1,300888.SZ,稳健医疗,future_unopened,rejected,,unresolved,只有公告标题或非核心公司变化，正文材料性和对主营传导不足，不能由价格异动补写因果。,rejected,,no_skill_modification_counterexamples_not_separated,,,,,,
2026-07-16,2026-07-17,complete_formation_answer,unexposed,overlapping-window-cluster-1,300907.SZ,康平科技,future_unopened,rejected,,unresolved,只有公告标题或非核心公司变化，正文材料性和对主营传导不足，不能由价格异动补写因果。,rejected,,no_skill_modification_counterexamples_not_separated,,,,,,
2026-07-16,2026-07-17,complete_formation_answer,unexposed,overlapping-window-cluster-1,300937.SZ,药易购,future_unopened,rejected,,sector_diffusion,只有公告标题或非核心公司变化，正文材料性和对主营传导不足，不能由价格异动补写因果。,rejected,,no_skill_modification_counterexamples_not_separated,,,,,,
2026-07-16,2026-07-17,complete_formation_answer,unexposed,overlapping-window-cluster-1,301026.SZ,浩通科技,future_unopened,rejected,,unresolved,只有公告标题或非核心公司变化，正文材料性和对主营传导不足，不能由价格异动补写因果。,rejected,,no_skill_modification_counterexamples_not_separated,,,,,,
2026-07-16,2026-07-17,complete_formation_answer,unexposed,overlapping-window-cluster-1,301080.SZ,百普赛斯,future_unopened,rejected,,unresolved,只有公告标题或非核心公司变化，正文材料性和对主营传导不足，不能由价格异动补写因果。,rejected,,no_skill_modification_counterexamples_not_separated,,,,,,
2026-07-16,2026-07-17,complete_formation_answer,unexposed,overlapping-window-cluster-1,301310.SZ,鑫宏业,future_unopened,rejected,,independent_price_anomaly,只有公告标题或非核心公司变化，正文材料性和对主营传导不足，不能由价格异动补写因果。,rejected,,no_skill_modification_counterexamples_not_separated,,,,,,
2026-07-16,2026-07-17,complete_formation_answer,unexposed,overlapping-window-cluster-1,301337.SZ,亚华电子,future_unopened,rejected,,unresolved,只有公告标题或非核心公司变化，正文材料性和对主营传导不足，不能由价格异动补写因果。,rejected,,no_skill_modification_counterexamples_not_separated,,,,,,
2026-07-16,2026-07-17,complete_formation_answer,unexposed,overlapping-window-cluster-1,301383.SZ,天键股份,future_unopened,rejected,,unresolved,只有公告标题或非核心公司变化，正文材料性和对主营传导不足，不能由价格异动补写因果。,rejected,,no_skill_modification_counterexamples_not_separated,,,,,,
2026-07-16,2026-07-17,complete_formation_answer,unexposed,overlapping-window-cluster-1,301520.SZ,万邦医药,future_unopened,rejected,,sector_diffusion,只有公告标题或非核心公司变化，正文材料性和对主营传导不足，不能由价格异动补写因果。,rejected,,no_skill_modification_counterexamples_not_separated,,,,,,
2026-07-16,2026-07-17,complete_formation_answer,unexposed,overlapping-window-cluster-1,600232.SH,金鹰股份,future_unopened,selected,,company_catalyst,形成日刚披露半年度扭亏预告，纺织产品售价与毛利率提升为直接主营传导；公告后尚无交易日价格反应，这足以解释尚未识别，且前期价格不拥挤。,selected,,no_skill_modification_counterexamples_not_separated,,,,,,
2026-07-16,2026-07-17,complete_formation_answer,unexposed,overlapping-window-cluster-1,600234.SH,科新发展,future_unopened,rejected,,company_catalyst,价格异动已被发现，但缺少形成日前可确认的公司原因与持续传导。,rejected,,no_skill_modification_counterexamples_not_separated,,,,,,
2026-07-16,2026-07-17,complete_formation_answer,unexposed,overlapping-window-cluster-1,600235.SH,民丰特纸,future_unopened,rejected,,company_catalyst,价格异动已被发现，但缺少形成日前可确认的公司原因与持续传导。,rejected,,no_skill_modification_counterexamples_not_separated,,,,,,
2026-07-16,2026-07-17,complete_formation_answer,unexposed,overlapping-window-cluster-1,600238.SH,ST椰岛,future_unopened,rejected,,company_catalyst,价格异动已被发现，但缺少形成日前可确认的公司原因与持续传导。,rejected,,no_skill_modification_counterexamples_not_separated,,,,,,
2026-07-16,2026-07-17,complete_formation_answer,unexposed,overlapping-window-cluster-1,600243.SH,*ST海华,future_unopened,rejected,,company_catalyst,价格异动已被发现，但缺少形成日前可确认的公司原因与持续传导。,rejected,,no_skill_modification_counterexamples_not_separated,,,,,,
2026-07-16,2026-07-17,complete_formation_answer,unexposed,overlapping-window-cluster-1,600246.SH,万通发展,future_unopened,rejected,,unresolved,只有公告标题或非核心公司变化，正文材料性和对主营传导不足，不能由价格异动补写因果。,rejected,,no_skill_modification_counterexamples_not_separated,,,,,,
2026-07-16,2026-07-17,complete_formation_answer,unexposed,overlapping-window-cluster-1,600249.SH,两面针,future_unopened,rejected,,unresolved,只有公告标题或非核心公司变化，正文材料性和对主营传导不足，不能由价格异动补写因果。,rejected,,no_skill_modification_counterexamples_not_separated,,,,,,
2026-07-16,2026-07-17,complete_formation_answer,unexposed,overlapping-window-cluster-1,600252.SH,中恒集团,future_unopened,rejected,,unresolved,只有公告标题或非核心公司变化，正文材料性和对主营传导不足，不能由价格异动补写因果。,rejected,,no_skill_modification_counterexamples_not_separated,,,,,,
2026-07-16,2026-07-17,complete_formation_answer,unexposed,overlapping-window-cluster-1,600257.SH,大湖股份,future_unopened,rejected,,independent_price_anomaly,只有公告标题或非核心公司变化，正文材料性和对主营传导不足，不能由价格异动补写因果。,rejected,,no_skill_modification_counterexamples_not_separated,,,,,,
2026-07-16,2026-07-17,complete_formation_answer,unexposed,overlapping-window-cluster-1,600265.SH,*ST景谷,future_unopened,rejected,,company_catalyst,价格异动已被发现，但缺少形成日前可确认的公司原因与持续传导。,rejected,,no_skill_modification_counterexamples_not_separated,,,,,,
2026-07-16,2026-07-17,complete_formation_answer,unexposed,overlapping-window-cluster-1,600266.SH,城建发展,future_unopened,rejected,,company_catalyst,价格异动已被发现，但缺少形成日前可确认的公司原因与持续传导。,rejected,,no_skill_modification_counterexamples_not_separated,,,,,,
2026-07-16,2026-07-17,complete_formation_answer,unexposed,overlapping-window-cluster-1,600272.SH,开开实业,future_unopened,rejected,,company_catalyst,净利增长主要来自股权转让等非经营性收益，不能替代主营持续改善。,rejected,,no_skill_modification_counterexamples_not_separated,,,,,,
2026-07-16,2026-07-17,complete_formation_answer,unexposed,overlapping-window-cluster-1,600491.SH,ST龙元,future_unopened,rejected,,independent_price_anomaly,只有公告标题或非核心公司变化，正文材料性和对主营传导不足，不能由价格异动补写因果。,rejected,,no_skill_modification_counterexamples_not_separated,,,,,,
2026-07-16,2026-07-17,complete_formation_answer,unexposed,overlapping-window-cluster-1,600664.SH,哈药股份,future_unopened,rejected,,company_catalyst,医药工业业绩改善直接，但短中窗口同时快速拉升、成交显著放大并处高位，明显透支反证强。,rejected,,no_skill_modification_counterexamples_not_separated,,,,,,
2026-07-16,2026-07-17,complete_formation_answer,unexposed,overlapping-window-cluster-1,600721.SH,百花医药,future_unopened,rejected,,independent_price_anomaly,只有公告标题或非核心公司变化，正文材料性和对主营传导不足，不能由价格异动补写因果。,rejected,,no_skill_modification_counterexamples_not_separated,,,,,,
2026-07-16,2026-07-17,complete_formation_answer,unexposed,overlapping-window-cluster-1,600829.SH,人民同泰,future_unopened,rejected,,sector_diffusion,只有公告标题或非核心公司变化，正文材料性和对主营传导不足，不能由价格异动补写因果。,rejected,,no_skill_modification_counterexamples_not_separated,,,,,,
2026-07-16,2026-07-17,complete_formation_answer,unexposed,overlapping-window-cluster-1,603127.SH,昭衍新药,future_unopened,rejected,,sector_diffusion,预增主要受生物资产公允价值变动推动，主营收入仅微增且毛利待修复；价格同时已大幅扩张。,rejected,,no_skill_modification_counterexamples_not_separated,,,,,,
2026-07-16,2026-07-17,complete_formation_answer,unexposed,overlapping-window-cluster-1,603137.SH,恒尚节能,future_unopened,rejected,,independent_price_anomaly,只有公告标题或非核心公司变化，正文材料性和对主营传导不足，不能由价格异动补写因果。,rejected,,no_skill_modification_counterexamples_not_separated,,,,,,
2026-07-16,2026-07-17,complete_formation_answer,unexposed,overlapping-window-cluster-1,603580.SH,艾艾精工,future_unopened,rejected,,independent_price_anomaly,只有公告标题或非核心公司变化，正文材料性和对主营传导不足，不能由价格异动补写因果。,rejected,,no_skill_modification_counterexamples_not_separated,,,,,,
2026-07-16,2026-07-17,complete_formation_answer,unexposed,overlapping-window-cluster-1,603882.SH,金域医学,future_unopened,selected,,company_catalyst,新鲜半年度扭亏预告由降本增效、数智化和核心业务企稳直接支持，短中窗口价格与成交已开始识别但未像同批强势医药股般连续扩张，因果与剩余路径更平衡。,selected,,no_skill_modification_counterexamples_not_separated,,,,,,
