formation_date,action_date,as_of,ts_code,name,final_fate,priority,opportunity_type,selection_reason,strongest_counterevidence,nearest_comparison,current_day,current_close_return,max_close_return_so_far,hit_20pct_close_within_20d,first_hit_day,terminal_return_20d,selection_as_of,validation_mode,max_close_return_20d
2026-08-10,2026-08-11,2026-08-10T15:59:59.000Z,002338.SZ,奥普光电,selected,1,independent_price_anomaly,1日+8.20%、5日+17.53%，20日-7.10%、60日位置27.6；5日全涨、平均收盘位置0.85，相对军工电子Ⅱ超额清楚。,5日已涨17.53%，且军工电子共同上涨明显。,天和防务（同类型）；华友钴业（跨类型）；比天和防务连续性更完整；比华友钴业个股独立增量更清楚。,5,3.63,3.63,false,,,,
2026-08-10,2026-08-11,2026-08-10T15:59:59.000Z,603799.SH,华友钴业,selected,2,sector_diffusion,能源金属1/3/5日上涨面均为100%，板块1日+3.86%、5日+13.71%；个股5日+16.46%、成交倍数2.36。,板块和个股均已明显上涨，并受商品价格敏感性与质押事实影响。,腾远钴业（同类型）；信音电子（跨类型）；比腾远钴业流动性和成交后的推进效率更好；信音电子缺少足够价格确认。,5,-4.73,-3.5,false,,,,
2026-08-11,2026-08-12,2026-08-11T15:59:59.000Z,301183.SZ,东田微,selected,1,independent_price_anomaly,1日+6.33%、5日+19.12%，20日-9.89%、60日位置42.0；5日全涨且相对光学光电子超额显著。,连续上涨已经接近短期透支。,田中精机（同类型）；阳光电源（跨类型）；比田中精机连续性更强；比阳光电源剩余价格路径更干净。,4,14.02,14.02,false,,,,
2026-08-11,2026-08-12,2026-08-11T15:59:59.000Z,300461.SZ,田中精机,selected,2,independent_price_anomaly,1日+10.92%、5日+17.16%，成交倍数3.13、60日位置33.6；相对自动化设备1日和5日超额明显。,最后一日贡献过大，且流动性较弱。,麦捷科技（同类型）；东田微（最终上位替代）；比麦捷科技独立贡献更突出，但走势更依赖最后一日且流动性弱于东田微。,4,-7.38,-3.66,false,,,,
2026-08-11,2026-08-12,2026-08-11T15:59:59.000Z,300274.SZ,阳光电源,selected,3,company_catalyst,7月21日提出回购、8月3日形成正式方案、8月7日首次实施；正式方案后+15.74%，首次实施后+5.18%，60日位置20.9。,回购材料性有限，事件已经交易数日。,同阶段公司催化无更强替代；东田微和田中精机（跨类型）；同类没有同时具备明确阶段和价格确认的更强候选；跨类型候选独立价格增量更强，因此排在其后。,4,-1.74,-1.74,false,,,,
2026-08-12,2026-08-13,2026-08-12T15:59:59.000Z,001979.SZ,招商蛇口,selected,1,sector_diffusion,房地产开发1日上涨面97.6%、3日和5日上涨面95.1%；个股1日+5.26%、5日+10.61%，成交倍数1.66。,房地产连续上涨且高度依赖政策预期。,华发股份、金融街、保利发展（同类型）；佳缘科技（跨类型）；强度、流动性和参与性优于同板块替代；比佳缘科技拥有更广的共同证据。,3,-0.66,0.4,false,,,,
2026-08-12,2026-08-13,2026-08-12T15:59:59.000Z,301117.SZ,佳缘科技,selected,2,independent_price_anomaly,1日+6.06%、5日+14.01%，成交倍数1.96、60日位置35.6；同期计算机设备1日+0.81%、5日+1.21%。,流动性有限，独立信号缺少公司事实。,菲利华、英唐智控（同类型）；招商蛇口（跨类型）；相对强度优于菲利华和英唐智控；但板块共同证据弱于招商蛇口。,3,-6.67,-4.88,false,,,,
2026-08-13,2026-08-14,2026-08-13T15:59:59.000Z,300120.SZ,经纬辉开,selected,1,independent_price_anomaly,弱市中1日+9.04%、3日+12.21%、5日+13.20%，成交倍数2.37、60日位置32.0，相对市场和光学光电子均显著增强。,形成日单日贡献较大，且没有新公司变化支持。,梅雁吉祥（同类型）；协创数据（跨类型）；比梅雁吉祥20日延伸更低、剩余位置更好；协创数据缺少结构化公司结果。,2,23.23,23.23,true,2,,,
2026-08-13,2026-08-14,2026-08-13T15:59:59.000Z,600868.SH,梅雁吉祥,selected,2,independent_price_anomaly,1日+9.47%、5日+12.23%，4/5日上涨、平均收盘位置0.80，明显强于同期电力行业。,价格与亏损基本面脱节，并有应收和减值风险。,立昂技术（同类型）；协创数据（跨类型）；比立昂技术连续性更好且监管反证更少；协创数据缺少结构化半年报数字。,2,-5.7,-5.7,false,,,,
2026-08-14,2026-08-17,2026-08-14T15:59:59.000Z,301489.SZ,思泉新材,selected,1,sector_diffusion,电子化学品Ⅱ1日+3.98%、上涨面97.2%，3日上涨面83.3%、5日上涨面66.7%；个股1日+14.96%、5日+16.88%。,形成日已大涨，短期热度较高。,中石科技（同类型）；弘景光电（跨类型）；比中石科技行动日可参与性更好、短期延伸更低；比弘景光电拥有更宽的板块共同证据。,1,-0.33,-0.33,false,,,,
2026-08-14,2026-08-17,2026-08-14T15:59:59.000Z,301479.SZ,弘景光电,selected,2,independent_price_anomaly,1日+8.70%、5日+13.70%，成交倍数2.94、60日位置28.6；相对光学光电子存在明显增量。,7月24日可转债融资带来潜在供给。,宏景科技、彩讯股份（同类型）；思泉新材（跨类型）；连续性和位置优于同类替代；但板块扩散证据不如思泉新材。,1,0.91,0.91,false,,,,
2026-08-14,2026-08-17,2026-08-14T15:59:59.000Z,600522.SH,中天科技,selected,3,sector_diffusion,通信设备1日+2.41%、上涨面74.2%，3日+5.05%、上涨面78.7%，5日+3.79%、上涨面66.3%；个股60日位置19.6且流动性足。,最近5日仅2日上涨，形成日单日贡献过大。,太辰光、长芯博创（同类型）；共达电声（跨类型）；位置和流动性优于同业替代；共达电声主要是重复披露。,1,0.87,0.87,false,,,,
2026-08-17,2026-08-18,2026-08-17T15:59:59.000Z,300548.SZ,长芯博创,selected,1,sector_diffusion,通信设备形成日1/3/5日上涨面87.64%/75.28%/80.90%，成员中位数连续增强；个股1/3/5日相对行业+10.42/+18.03/+22.01个百分点，5/5日相对市场为正，形成真实突破，近5日上涨不依赖涨停，放量后仍能推动收盘。7月重大经营合同与半年报预告仅作增强证据。,通信设备20日新高占比已54.55%，个股5日+27.96%、20日+42.81%，近5日上影频率60%、冲高回落20%，且存在7月股份解禁；若行动日高开后成交不能继续推升收盘，剩余路径会快速收窄。,同类型最接近太辰光：长芯博创相对强势连续性为5/5，近5日上涨不依赖涨停，而太辰光5日涨幅中约57.98%来自涨停且形成日封板；跨类型比较时，金禄电子的20日延伸和行动日参与风险更高。,0,,,false,,,2026-08-18T18:43:12+08:00,reconstructed
2026-08-17,2026-08-18,2026-08-17T15:59:59.000Z,301282.SZ,金禄电子,selected,2,sector_diffusion,元件形成日1/3/5日上涨面94.03%/80.60%/83.58%，成员中位数连续改善；个股1/3/5日相对行业+16.70/+28.49/+40.37个百分点，5/5日相对市场为正并形成真实突破，放量仍能推动收盘。半年报预告中的订单金额同比+101.14%、收入增长及二季度利润改善为板块命题提供公司层增强。,个股20日已涨102.59%，形成日收于涨停，成交放大明显；同时原材料成本偏紧并有减值影响，行动日存在高开或无法正常参与后回落的风险。,同类型最接近太辰光：金禄电子的行业广度、相对行业斜率和新增订单/业绩事实更完整，虽然价格延伸更高；跨类型最接近华民股份，后者光伏共同动力弱、成交推进效率更差且仍有亏损反证。,0,,,false,,,2026-08-18T18:43:12+08:00,reconstructed
2026-08-17,2026-08-18,2026-08-17T15:59:59.000Z,300570.SZ,太辰光,selected,3,sector_diffusion,通信设备多成员连续增强；个股1/3/5日相对行业+17.92/+26.43/+30.54个百分点，4/5日相对市场为正，形成日真实突破，近5日有4日成交放大且成交增加后仍能有效推进收盘，流动性充足。该机会不依赖补写公司故事。,形成日收于涨停，近5日涨幅约57.98%来自涨停，并有上影和冲高回落；缺少新的公司事实，且与长芯博创同属通信设备，行动日参与性和板块热度回落是主要风险。,同类型最接近阿莱德：太辰光的多窗口相对行业强度、成交持续性和流动性更高；跨类型最接近江河集团，太辰光的成交推进效率和板块共同增量更强，而江河集团的业绩与收购故事已伴随5日+40.11%且放量后的价格推进明显变差。,0,,,false,,,2026-08-18T18:43:12+08:00,reconstructed
2026-08-17,2026-08-18,2026-08-17T15:59:59.000Z,300120.SZ,经纬辉开,nearest_nonselection,,independent_price_anomaly,形成日相对强势仍成立，但8月17日单日仅+3.13%，相对行业新增约+0.76个百分点，当前突破和新增趋势弱于最后一只入选股；旧收购进展不足以补强，且2025年预亏仍是反证。,此前连续上涨后，形成日新增强势已经明显放缓；公司层没有新的材料性事实继续强化。,相比P3太辰光，经纬辉开的当前突破、相对行业增量和强板块共同增强都更弱，因此保留为近邻落选而不补位。,,,,,,,2026-08-18T18:43:12+08:00,reconstructed
2026-08-17,2026-08-18,2026-08-17T15:59:59.000Z,300345.SZ,华民股份,nearest_nonselection,,independent_price_anomaly,形成日封板且独立相对强势明显，但光伏板块5日共同增强较弱，近5日上影频率80%，成交大增后的收盘推进效率偏低，公司层仍有持续亏损反证。,强势更多集中在少数大涨日，弱板块背景、低成交推进效率和亏损事实使剩余路径不够干净。,相比P3太辰光，华民股份缺少同等强度的板块扩散，成交增加后推动收盘的效率也更差，绝对机会质量没有达到已入选层级。,,,,,,,2026-08-18T18:43:12+08:00,reconstructed
2026-08-17,2026-08-18,2026-08-17T15:59:59.000Z,601886.SH,江河集团,nearest_nonselection,,company_catalyst,半年报收入、利润和经营现金流同向改善，收购少数股权也是真实公司事实；但形成日前5日已涨40.11%、20日涨60.18%，成交放大约14倍而价格推进效率明显变差，并已出现异动与风险提示。,公司故事成立，但市场识别后的新增价格动力已经衰减，继续上涨更依赖高换手维持。,相比P3太辰光，江河集团虽有更完整的公司因果，但形成日成交推进和相对增量明显更弱，不能仅凭公司故事补位。,,,,,,,2026-08-18T18:43:12+08:00,reconstructed
